book,phrase,count
0725BaybarsMansuri.ZubdatFikra.GVDB20201027-ara1.completed,لحوم الكلاب,1
0725BaybarsMansuri.ZubdatFikra.GVDB20201027-ara1.completed,اشتد الغلا,1
0725BaybarsMansuri.MukhtarAkhbar.GVDB20210106-ara1.completed,واكل الناس بعضهم بعضا,1
0728IbnTaymiyya.Istiqama.JK000028-ara1,كسني يوسف,1
0728IbnTaymiyya.Istiqama.JK000028-ara1,All phrases,1
0256Bukhari.Sahih.JK000110-ara1.completed,كسني يوسف,11
0256Bukhari.Sahih.JK000110-ara1.completed,All phrases,11
0303Nasai.SunanSughra.JK000130-ara1.completed,لحوم الكلاب,1
0303Nasai.SunanSughra.JK000130-ara1.completed,كسني يوسف,2
0303Nasai.SunanSughra.JK000130-ara1.completed,All phrases,2
0597IbnJawzi.TahqiqFiAhadithKhilaf.JK000221-ara1,لحوم الكلاب,1
0861IbnHumam.SharhFathQadir.JK000299-ara1,لحوم الكلاب,1
0728IbnTaymiyya.SharhCumdatFiqh.JK000386-ara1,لحوم الكلاب,2
0821Qalqashandi.Maathir.JK000401-ara1,اشتد الغلا,1
0211CabdRazzakSancani.Tafsir.JK000435-ara1,كسني يوسف,1
0211CabdRazzakSancani.Tafsir.JK000435-ara1,All phrases,1
0303Nasai.SunanKubra.JK000475-ara1.completed,كسني يوسف,3
0303Nasai.SunanKubra.JK000475-ara1.completed,All phrases,3
0385Daraqutni.Sunan.JK000477-ara1.completed,لحوم الكلاب,4
0535QawwamSunna.DalailNubuwwa.JK000657-ara1.completed,كسني يوسف,1
0535QawwamSunna.DalailNubuwwa.JK000657-ara1.completed,All phrases,1
0204Shafici.SunanMathura.JK000677-ara1,كسني يوسف,1
0204Shafici.SunanMathura.JK000677-ara1,All phrases,1
0804IbnMulaqqin.KhulasatBadrMunir.JK000734-ara1,لحوم الكلاب,1
0597IbnJawzi.ZadMasir.JK000791-ara1,كسني يوسف,3
0597IbnJawzi.ZadMasir.JK000791-ara1,All phrases,3
0817MajdDinFiruzabadi.TanwirMiqbas.JK000865-ara1,كسني يوسف,1
0817MajdDinFiruzabadi.TanwirMiqbas.JK000865-ara1,All phrases,1
0281IbnAbiDunya.ManCashaBacdaMawt.JK000908-ara1.mARkdown,واكل الناس بعضهم بعضا,1
0630IbnAthirCizzDin.Kamil.JK000911-ara1.mARkdown,حتي اكل بعضهم بعضا,1
0630IbnAthirCizzDin.Kamil.JK000911-ara1.mARkdown,وعم الغلا تلك الاصقاع حتي اكل الناس الميته والكلاب,1
0630IbnAthirCizzDin.Kamil.JK000911-ara1.mARkdown,حتي اكل الناس الميته والكلاب,2
0630IbnAthirCizzDin.Kamil.JK000911-ara1.mARkdown,"وعم الغلا\s(\w+\s){0,4}حتي اكل الناس الميته والكلاب",1
0630IbnAthirCizzDin.Kamil.JK000911-ara1.mARkdown,حتي اكل الناس الميته والكلاب والسنانير,1
0630IbnAthirCizzDin.Kamil.JK000911-ara1.mARkdown,فاكل الناس الميته والكلاب والسنانير,1
0630IbnAthirCizzDin.Kamil.JK000911-ara1.mARkdown,اشتد الغلا,16
0630IbnAthirCizzDin.Kamil.JK000911-ara1.mARkdown,حتي اكل الناس الميته والكلاب واكل الناس بعضهم بعضا,1
0630IbnAthirCizzDin.Kamil.JK000911-ara1.mARkdown,واكل الناس بعضهم بعضا,2
0630IbnAthirCizzDin.Kamil.JK000911-ara1.mARkdown,واكلوا الكلاب والميته,1
0571IbnCasakir.TarikhDimashq.JK000916-ara1.mARkdown,اشتد الغلا,1
0571IbnCasakir.TarikhDimashq.JK000916-ara1.mARkdown,واكل الناس بعضهم بعضا,2
0571IbnCasakir.TarikhDimashq.JK000916-ara1.mARkdown,كسني يوسف,6
0571IbnCasakir.TarikhDimashq.JK000916-ara1.mARkdown,All phrases,6
0543IbnCarabiIshbili.AhkamQuran.JK000917-ara1.completed,لحوم الكلاب,1
0430AbuNucaymIsbahani.MusnadMustakhrajCalaSahihMuslim.JK000977-ara1,كسني يوسف,3
0430AbuNucaymIsbahani.MusnadMustakhrajCalaSahihMuslim.JK000977-ara1,All phrases,3
0488IbnFutuhHumaydi.TafsirGharib.JK001211-ara1,كسني يوسف,1
0488IbnFutuhHumaydi.TafsirGharib.JK001211-ara1,All phrases,1
0745IbnMuhammadTaqiDinIbnImam.SilahMumin.JK001236-ara1,كسني يوسف,1
0745IbnMuhammadTaqiDinIbnImam.SilahMumin.JK001236-ara1,All phrases,1
0509IbnShahridarDaylami.Firdaws.JK001297-ara1,كسني يوسف,1
0509IbnShahridarDaylami.Firdaws.JK001297-ara1,All phrases,1
0392IbnJinniMawsili.Khasais.JK001302-ara1.completed,اشتد الغلا,1
0902Sakhawi.DawLamic.JK003608-ara1.completed,اشتد الغلا,1
0902Sakhawi.DawLamic.JK003608-ara1.completed,كسني يوسف,1
0902Sakhawi.DawLamic.JK003608-ara1.completed,All phrases,1
0489IbnMuhammadSamcani.TafsirQuran.JK006476-ara1,حتي اكلوا الكلاب,1
0489IbnMuhammadSamcani.TafsirQuran.JK006476-ara1,حتي اكلوا الكلاب والجيف,1
0489IbnMuhammadSamcani.TafsirQuran.JK006476-ara1,حتي اكلوا الكلاب والجيف,1
0489IbnMuhammadSamcani.TafsirQuran.JK006476-ara1,كسني يوسف,4
0489IbnMuhammadSamcani.TafsirQuran.JK006476-ara1,All phrases,5
0224QasimIbnSalam.Amwal.JK006800-ara1.completed,لحوم الكلاب,1
0458Bayhaqi.DalailNubuwwa.JK006838-ara1.mARkdown,كسني يوسف,1
0458Bayhaqi.DalailNubuwwa.JK006838-ara1.mARkdown,All phrases,1
0728IbnTaymiyya.RasailWaFatawa.JK006950-ara1,لحوم الكلاب,8
0728IbnTaymiyya.RasailWaFatawa.JK006950-ara1,كسني يوسف,4
0728IbnTaymiyya.RasailWaFatawa.JK006950-ara1,All phrases,4
0728IbnTaymiyya.KhilafaWaMulk.JK006983-ara1,كسني يوسف,1
0728IbnTaymiyya.KhilafaWaMulk.JK006983-ara1,All phrases,1
0660SultanCulamaCizzDinDimashqi.TafsirQuran.JK007018-ara1,كسني يوسف,1
0660SultanCulamaCizzDinDimashqi.TafsirQuran.JK007018-ara1,All phrases,1
0488IbnFutuhHumaydi.JamcBaynaSahihayn.JK007065-ara1,كسني يوسف,6
0488IbnFutuhHumaydi.JamcBaynaSahihayn.JK007065-ara1,All phrases,6
0333IbnMarwanDinawari.MujalasaWaJawahirCilm.JK007082-ara1.mARkdown,كسني يوسف,1
0333IbnMarwanDinawari.MujalasaWaJawahirCilm.JK007082-ara1.mARkdown,All phrases,1
0744IbnCabdHadi.MuharrirFiHadith.JK007083-ara1,لحوم الكلاب,1
0676Nawawi.KhulasatAhkam.JK007107-ara1,لحوم الكلاب,1
0806IbnHusaynZaynDinCiraqi.TaqribAsanid.JK007116-ara1,كسني يوسف,1
0806IbnHusaynZaynDinCiraqi.TaqribAsanid.JK007116-ara1,All phrases,1
0597IbnJawzi.KashfMushkil.JK007128-ara1,كسني يوسف,1
0597IbnJawzi.KashfMushkil.JK007128-ara1,All phrases,1
0310Tabari.TahdhibAthar.JK008250Vols-ara1.mARkdown,لحوم الكلاب,5
0310Tabari.TahdhibAthar.JK008250Vols-ara1.mARkdown,كسني يوسف,11
0310Tabari.TahdhibAthar.JK008250Vols-ara1.mARkdown,All phrases,11
0600AbuBaqaHilli.ManaqibMazidiya.JK009228-ara1,كسني يوسف,1
0600AbuBaqaHilli.ManaqibMazidiya.JK009228-ara1,All phrases,1
0852IbnHajarCasqalani.InbaGhumr.JK009239-ara1,اشتد الغلا,4
0852IbnHajarCasqalani.InbaGhumr.JK009239-ara1,حتي اكلوا الكلاب,1
0800IbnCadilHanbali.LubabFiCulumKitab.JK009266-ara1,حتي اكلوا الكلاب,2
0800IbnCadilHanbali.LubabFiCulumKitab.JK009266-ara1,حتي اكلوا الكلاب والجيف,2
0800IbnCadilHanbali.LubabFiCulumKitab.JK009266-ara1,حتي اكلوا الجيف والعظام والكلاب,1
0800IbnCadilHanbali.LubabFiCulumKitab.JK009266-ara1,حتي اكلوا الكلاب والجيف,2
0800IbnCadilHanbali.LubabFiCulumKitab.JK009266-ara1,كسني يوسف,6
0800IbnCadilHanbali.LubabFiCulumKitab.JK009266-ara1,All phrases,13
0926ZakariyyaAnsari.GhayatWusul.JK009279-ara1,لحوم الكلاب,1
0320IbnMuhammadBayhaqi.Mahasin.JK009291-ara1,كسني يوسف,1
0320IbnMuhammadBayhaqi.Mahasin.JK009291-ara1,All phrases,1
0449IbnBattalQurtubi.SharhSahihBukhari.JK009324-ara1,كسني يوسف,7
0449IbnBattalQurtubi.SharhSahihBukhari.JK009324-ara1,All phrases,7
0450AbuHasanMawardi.NukatWaCuyun.JK009396-ara1,كسني يوسف,4
0450AbuHasanMawardi.NukatWaCuyun.JK009396-ara1,All phrases,4
0251IbnZanjawayh.Amwal.JK011302-ara1,لحوم الكلاب,1
0180IbnJacfarAnsari.HadithIsmacil.JK011499-ara1,كسني يوسف,1
0180IbnJacfarAnsari.HadithIsmacil.JK011499-ara1,All phrases,1
0619AbuCabbasSharishi.SharhMaqamatHariri.Sham19Y0000760-ara1,كسني يوسف,1
0619AbuCabbasSharishi.SharhMaqamatHariri.Sham19Y0000760-ara1,All phrases,1
0354IbnHibbanBusti.Sahih.Sham19Y0001729-ara1,كسني يوسف,8
0354IbnHibbanBusti.Sahih.Sham19Y0001729-ara1,All phrases,8
0474IbnKhalafBaji.MuntaqaMinSharhMuwatta.Sham19Y0006684-ara1.completed,لحوم الكلاب,1
0474IbnKhalafBaji.MuntaqaMinSharhMuwatta.Sham19Y0006684-ara1.completed,كسني يوسف,2
0474IbnKhalafBaji.MuntaqaMinSharhMuwatta.Sham19Y0006684-ara1.completed,All phrases,2
0600CabdGhaniMuqaddasi.CumdatAhkam.Sham19Y0011194-ara1,لحوم الكلاب,2
0656IbnCabdQawiMundhiri.TarghibWaTarhib.Sham19Y0013223-ara2,كسني يوسف,1
0656IbnCabdQawiMundhiri.TarghibWaTarhib.Sham19Y0013223-ara2,All phrases,1
0606IbnAthirMajdDin.Shafi.Sham19Y0013241-ara1,لحوم الكلاب,2
0804IbnMulaqqin.Tawdih.Sham19Y0013252-ara1,كسني يوسف,21
0804IbnMulaqqin.Tawdih.Sham19Y0013252-ara1,All phrases,21
0560WazirIbnHubayraShaybani.Ifsah.Sham19Y0013572-ara1,كسني يوسف,5
0560WazirIbnHubayraShaybani.Ifsah.Sham19Y0013572-ara1,All phrases,5
0786ShamsDinKirmani.Kawakib.Sham19Y0013605-ara1,كسني يوسف,12
0786ShamsDinKirmani.Kawakib.Sham19Y0013605-ara1,All phrases,12
0209MacmarIbnMuthanna.SharhNaqaidJarir.Sham19Y0013609-ara1,كسني يوسف,1
0209MacmarIbnMuthanna.SharhNaqaidJarir.Sham19Y0013609-ara1,All phrases,1
0685NasirDinBaydawi.TuhfatAbrar.Sham19Y0013614-ara1,لحوم الكلاب,2
0685NasirDinBaydawi.TuhfatAbrar.Sham19Y0013614-ara1,كسني يوسف,1
0685NasirDinBaydawi.TuhfatAbrar.Sham19Y0013614-ara1,All phrases,1
0986IbnCaliFattani.MajmacBihar.Sham19Y0013631-ara1,كسني يوسف,1
0986IbnCaliFattani.MajmacBihar.Sham19Y0013631-ara1,All phrases,1
0855BadrDinCayni.NukhabAfkar.Sham19Y0013667-ara1,لحوم الكلاب,4
0855BadrDinCayni.NukhabAfkar.Sham19Y0013667-ara1,كسني يوسف,8
0855BadrDinCayni.NukhabAfkar.Sham19Y0013667-ara1,All phrases,8
0808MuhammadDamiri.NajmWahhaj.Sham19Y0013783-ara1,لحوم الكلاب,1
0732IbnCumarBurhanDinJacbari.RusukhAhbar.Sham19Y0014032-ara1,لحوم الكلاب,1
0732IbnCumarBurhanDinJacbari.RusukhAhbar.Sham19Y0014032-ara1,كسني يوسف,1
0732IbnCumarBurhanDinJacbari.RusukhAhbar.Sham19Y0014032-ara1,All phrases,1
0510IbnMascudBaghawi.MasabihSunna.Sham19Y0014119-ara1,لحوم الكلاب,1
0510IbnMascudBaghawi.MasabihSunna.Sham19Y0014119-ara1,كسني يوسف,1
0510IbnMascudBaghawi.MasabihSunna.Sham19Y0014119-ara1,All phrases,1
0911Suyuti.CuqudZabarjad.Sham19Y0014299-ara1,كسني يوسف,2
0911Suyuti.CuqudZabarjad.Sham19Y0014299-ara1,All phrases,2
0899Rajraji.RafcNiqab.Sham19Y0014313-ara1,لحوم الكلاب,1
0710IbnRifca.Kifaya.Sham19Y0014325-ara1.completed,لحوم الكلاب,1
0928MujirDinCulaymi.FathRahman.Sham19Y0014404-ara1,حتي اكلوا الكلاب,1
0928MujirDinCulaymi.FathRahman.Sham19Y0014404-ara1,حتي اكلوا الكلاب والجيف,1
0928MujirDinCulaymi.FathRahman.Sham19Y0014404-ara1,حتي اكلوا الكلاب والجيف,1
0928MujirDinCulaymi.FathRahman.Sham19Y0014404-ara1,كسني يوسف,1
0928MujirDinCulaymi.FathRahman.Sham19Y0014404-ara1,All phrases,2
0767KhalilIbnIshaq.Tawdih.Sham19Y0014442-ara3,لحوم الكلاب,1
0458YahyaIbnSacidAntaki.Tarikh.Sham19Y0014512-ara1,اشتد الغلا,1
0478AbuHasanLakhmi.Tabsira.Sham19Y0014591-ara1,لحوم الكلاب,1
0397IbnQassar.CuyunAdilla.Sham19Y0014608-ara1,لحوم الكلاب,1
0405CabdKarimNahshaliQayrawani.Mumtic.Sham19Y0014786-ara1,كسني يوسف,1
0405CabdKarimNahshaliQayrawani.Mumtic.Sham19Y0014786-ara1,All phrases,1
0370IbnCaliJassas.SharhMukhtasarTahawi.Sham19Y0016546-ara1,لحوم الكلاب,2
0893IbnIsmacilShihabDinKurani.KawtharJari.Sham19Y0016584-ara1,كسني يوسف,17
0893IbnIsmacilShihabDinKurani.KawtharJari.Sham19Y0016584-ara1,All phrases,17
0734IbnSayyidNas.NafhShadhi.Sham19Y0016599-ara1,لحوم الكلاب,2
0827BadrDinDamaminiMakhzumi.MasabihJamic.Sham19Y0016684-ara1,كسني يوسف,5
0827BadrDinDamaminiMakhzumi.MasabihJamic.Sham19Y0016684-ara1,All phrases,5
0855BadrDinCayni.MaqasidNahwiyya.Sham19Y0016714-ara1,كسني يوسف,1
0855BadrDinCayni.MaqasidNahwiyya.Sham19Y0016714-ara1,All phrases,1
0879IbnQutlubugha.MajmucRasail.Sham19Y0016817-ara1,لحوم الكلاب,5
0502CabdWahidRuyani.BahrMadhhab.Sham19Y0016934-ara1,لحوم الكلاب,2
0388AbuSulaymanKhattabi.AclamHadith.Sham19Y0016946-ara1,كسني يوسف,1
0388AbuSulaymanKhattabi.AclamHadith.Sham19Y0016946-ara1,All phrases,1
0536IbnCaliMazariTamimi.Idah.Sham19Y0016974-ara1,لحوم الكلاب,1
0727MuzhiriZaydani.Mafatih.Sham19Y0016976-ara1,لحوم الكلاب,4
0727MuzhiriZaydani.Mafatih.Sham19Y0016976-ara1,كسني يوسف,1
0727MuzhiriZaydani.Mafatih.Sham19Y0016976-ara1,All phrases,1
0803SadrDinMunawi.KashfManahij.Sham19Y0017063-ara1,لحوم الكلاب,1
0803SadrDinMunawi.KashfManahij.Sham19Y0017063-ara1,كسني يوسف,1
0803SadrDinMunawi.KashfManahij.Sham19Y0017063-ara1,All phrases,1
0920IbnKhalilZaynDinMalati.NaylAmal.Sham19Y0017097-ara1,اشتد الغلا,7
0581AbuMusaMadini.MajmucMughith.Sham19Y0017124-ara1,كسني يوسف,1
0581AbuMusaMadini.MajmucMughith.Sham19Y0017124-ara1,All phrases,1
0656IbnCabdQawiMundhiri.MukhtasarSahihMuslim.Sham19Y0017616-ara1,كسني يوسف,1
0656IbnCabdQawiMundhiri.MukhtasarSahihMuslim.Sham19Y0017616-ara1,All phrases,1
0521IbnMuhammadBatalyawsi.Iqtidab.Sham19Y0017681-ara1,كسني يوسف,1
0521IbnMuhammadBatalyawsi.Iqtidab.Sham19Y0017681-ara1,All phrases,1
0749ZaynDinIbnWardi.SharhAlfiyyatIbnMalik.Sham19Y0017715-ara1,كسني يوسف,5
0749ZaynDinIbnWardi.SharhAlfiyyatIbnMalik.Sham19Y0017715-ara1,All phrases,5
0581IbnKharratIshbili.AhkamSughra.Sham19Y0017729-ara1,لحوم الكلاب,1
0428AbuHusaynQuduri.Tajrid.Sham19Y0017768-ara1,لحوم الكلاب,1
0428AbuHusaynQuduri.Tajrid.Sham19Y0017768-ara1,كسني يوسف,1
0428AbuHusaynQuduri.Tajrid.Sham19Y0017768-ara1,All phrases,1
0854IbnMalak.SharhMasabih.Sham19Y0017791-ara1,لحوم الكلاب,2
0854IbnMalak.SharhMasabih.Sham19Y0017791-ara1,كسني يوسف,2
0854IbnMalak.SharhMasabih.Sham19Y0017791-ara1,All phrases,2
0751IbnQayyimJawziyya.AclamMuwaqqicin.Sham19Y0017798-ara1,لحوم الكلاب,1
0462QadiHusaynMarwarudhi.Tacliqa.Sham19Y0017812-ara1,كسني يوسف,1
0462QadiHusaynMarwarudhi.Tacliqa.Sham19Y0017812-ara1,All phrases,1
0756IbnYusufSaminHalabi.CumdatHuffaz.Sham19Y0017829-ara1,كسني يوسف,1
0756IbnYusufSaminHalabi.CumdatHuffaz.Sham19Y0017829-ara1,All phrases,1
0902Sakhawi.AjwibaMurdiyya.Sham19Y0017878-ara1,كسني يوسف,3
0902Sakhawi.AjwibaMurdiyya.Sham19Y0017878-ara1,All phrases,3
0510IbnMascudBaghawi.TahdhibFiqhShafici.Sham19Y0017885-ara1,كسني يوسف,1
0510IbnMascudBaghawi.TahdhibFiqhShafici.Sham19Y0017885-ara1,All phrases,1
0581IbnKharratIshbili.AhkamWusta.Sham19Y0017903-ara1,لحوم الكلاب,1
0831ShamsDinBirmawi.Lamic.Sham19Y0018103-ara1,كسني يوسف,15
0831ShamsDinBirmawi.Lamic.Sham19Y0018103-ara1,All phrases,15
0926ZakariyyaAnsari.MinhatBari.Sham19Y0018106-ara1,كسني يوسف,16
0926ZakariyyaAnsari.MinhatBari.Sham19Y0018106-ara1,All phrases,16
0316IbnIshaqIsfaraini.Musnad.Sham19Y0018144-ara1,كسني يوسف,8
0316IbnIshaqIsfaraini.Musnad.Sham19Y0018144-ara1,All phrases,8
0736IbnDawadari.KanzDurar.Sham19Y0018147-ara1.completed,اشتد الغلا,2
0911Suyuti.Tawshih.Sham19Y0018176-ara1,كسني يوسف,12
0911Suyuti.Tawshih.Sham19Y0018176-ara1,All phrases,12
0792SadrDinIbnAbiCizzAdhraci.Tanbih.Sham19Y0018259-ara1,لحوم الكلاب,3
0792SadrDinIbnAbiCizzAdhraci.Tanbih.Sham19Y0018259-ara1,كسني يوسف,1
0792SadrDinIbnAbiCizzAdhraci.Tanbih.Sham19Y0018259-ara1,All phrases,1
0403AbuCabdAllahHalimi.MinhajFiShucabIman.Sham19Y0018567-ara1,لحوم الكلاب,1
0403AbuCabdAllahHalimi.MinhajFiShucabIman.Sham19Y0018567-ara1,كسني يوسف,1
0403AbuCabdAllahHalimi.MinhajFiShucabIman.Sham19Y0018567-ara1,All phrases,1
0661Turibishti.Muyassar.Sham19Y0018569-ara1,لحوم الكلاب,2
0852IbnHajarCasqalani.MuwafaqatKhubrKhabar.Sham19Y0018611-ara1,لحوم الكلاب,1
0751IbnQayyimJawziyya.IghathatLahfan.Sham19Y0018612-ara1,لحوم الكلاب,1
0816IbnHajji.Tarikh.Sham19Y0019065-ara1,اشتد الغلا,1
0682CabdRahmanIbnQudama.SharhKabir.Sham19Y0019188-ara1,لحوم الكلاب,2
0804IbnMulaqqin.CujalatMuhtaj.Sham19Y0020561-ara1,كسني يوسف,1
0804IbnMulaqqin.CujalatMuhtaj.Sham19Y0020561-ara1,All phrases,1
0728IbnTaymiyya.Iman.Sham19Y0020587-ara1,كسني يوسف,1
0728IbnTaymiyya.Iman.Sham19Y0020587-ara1,All phrases,1
0776JamalDinSurramarri.KhasaisSayyidCalamin.Sham19Y0020594-ara1,كسني يوسف,2
0776JamalDinSurramarri.KhasaisSayyidCalamin.Sham19Y0020594-ara1,All phrases,2
0581IbnKharratIshbili.JamcBaynSahihayn.Sham19Y0020638-ara1,كسني يوسف,4
0581IbnKharratIshbili.JamcBaynSahihayn.Sham19Y0020638-ara1,All phrases,4
0743SharafDinTibi.FutuhGhayb.Sham19Y0020891-ara1,لحوم الكلاب,1
0743SharafDinTibi.FutuhGhayb.Sham19Y0020891-ara1,كسني يوسف,2
0743SharafDinTibi.FutuhGhayb.Sham19Y0020891-ara1,All phrases,2
0656IbnCabdQawiMundhiri.MukhtasarSunanAbiDawud.Sham19Y0020944-ara1,كسني يوسف,1
0656IbnCabdQawiMundhiri.MukhtasarSunanAbiDawud.Sham19Y0020944-ara1,All phrases,1
0832AbuTayyibFasi.CiqdThamin.Sham19Y0020989-ara1,حتي اكل بعضهم بعضا,1
0832AbuTayyibFasi.CiqdThamin.Sham19Y0020989-ara1,اشتد الغلا,2
0643IbnSalahShahrazuri.SharhMushkilWajiz.Sham19Y0021525-ara1,كسني يوسف,1
0643IbnSalahShahrazuri.SharhMushkilWajiz.Sham19Y0021525-ara1,All phrases,1
0783IbnMajidMaqdisi.Muqarrar.Sham19Y0022884-ara1,لحوم الكلاب,1
0783IbnMajidMaqdisi.Muqarrar.Sham19Y0022884-ara1,كسني يوسف,1
0783IbnMajidMaqdisi.Muqarrar.Sham19Y0022884-ara1,All phrases,1
0873AbuZaydThacalibi.JawahirHisan.Sham19Y0023618-ara1,كسني يوسف,3
0873AbuZaydThacalibi.JawahirHisan.Sham19Y0023618-ara1,All phrases,3
0947BamakhramaHimyari.QiladatNahr.Sham19Y0029560-ara1,اشتد الغلا,4
0947BamakhramaHimyari.QiladatNahr.Sham19Y0029560-ara1,واكل الناس بعضهم بعضا,2
0947BamakhramaHimyari.QiladatNahr.Sham19Y0029560-ara1,حتي اكلوا الكلاب,1
0852IbnHajarCasqalani.MatalibCaliyya.Sham19Y0037618-ara1,كسني يوسف,1
0852IbnHajarCasqalani.MatalibCaliyya.Sham19Y0037618-ara1,All phrases,1
0471CabdQahirJurjani.DarjDurar.Sham19Y0122187-ara1,كسني يوسف,2
0471CabdQahirJurjani.DarjDurar.Sham19Y0122187-ara1,All phrases,2
0513AbuWafaIbnCaqil.WadihFiUsulFiqh.Sham19Y0122232-ara1,لحوم الكلاب,3
0743SharafDinTibi.SharhMishkat.Sham19Y0122257-ara1,لحوم الكلاب,1
0743SharafDinTibi.SharhMishkat.Sham19Y0122257-ara1,كسني يوسف,2
0743SharafDinTibi.SharhMishkat.Sham19Y0122257-ara1,All phrases,2
0569AbuIshaqIbnQurqul.MatalicAnwar.Sham19Y0122402-ara1,كسني يوسف,2
0569AbuIshaqIbnQurqul.MatalicAnwar.Sham19Y0122402-ara1,All phrases,2
0544QadiCiyad.IkmalMuclim.Sham19Y0122406-ara1,كسني يوسف,5
0544QadiCiyad.IkmalMuclim.Sham19Y0122406-ara1,All phrases,5
0623AbuQasimRafici.SharhMusnadShafici.Sham19Y0123510-ara1,كسني يوسف,3
0623AbuQasimRafici.SharhMusnadShafici.Sham19Y0123510-ara1,All phrases,3
0564CabdKhaliqIbnAsadHanafi.Mucjam.Sham19Y0123581-ara1,كسني يوسف,1
0564CabdKhaliqIbnAsadHanafi.Mucjam.Sham19Y0123581-ara1,All phrases,1
0852IbnHajarCasqalani.TalkhisHabir.Sham19Y0123608-ara1,لحوم الكلاب,1
0543IbnCarabiIshbili.MasalikFiSharhMuwatta.Sham19Y0123665-ara1,كسني يوسف,1
0543IbnCarabiIshbili.MasalikFiSharhMuwatta.Sham19Y0123665-ara1,All phrases,1
0633IbnSacidRajraji.ManahijTahsil.Sham19Y0123685-ara1,لحوم الكلاب,1
0656AbuCabbasAnsariQurtubi.IkhtisarSahihBukhari.Sham19Y0127656-ara1,كسني يوسف,3
0656AbuCabbasAnsariQurtubi.IkhtisarSahihBukhari.Sham19Y0127656-ara1,All phrases,3
0911Suyuti.JamicKabir.Sham19Y0127677-ara1,لحوم الكلاب,4
0911Suyuti.JamicKabir.Sham19Y0127677-ara1,كسني يوسف,3
0911Suyuti.JamicKabir.Sham19Y0127677-ara1,All phrases,3
0928MujirDinCulaymi.TarikhMuctabar.Sham19Y0127698-ara1,واكل الناس بعضهم بعضا,1
0797IbnCaquli.Rasf.Sham19Y0127700-ara1,كسني يوسف,1
0797IbnCaquli.Rasf.Sham19Y0127700-ara1,All phrases,1
0458Bayhaqi.Khilafiyyat.Sham19Y0131336-ara1,لحوم الكلاب,2
0458Bayhaqi.Khilafiyyat.Sham19Y0131336-ara1,كسني يوسف,2
0458Bayhaqi.Khilafiyyat.Sham19Y0131336-ara1,All phrases,2
0844IbnHusaynIbnRaslanRamli.SharhSunanAbiDawud.Sham19Y0131521-ara1,لحوم الكلاب,6
0844IbnHusaynIbnRaslanRamli.SharhSunanAbiDawud.Sham19Y0131521-ara1,كسني يوسف,5
0844IbnHusaynIbnRaslanRamli.SharhSunanAbiDawud.Sham19Y0131521-ara1,All phrases,5
0656AbuCabbasAnsariQurtubi.Mufhim.Sham19Y0132524-ara1,كسني يوسف,3
0656AbuCabbasAnsariQurtubi.Mufhim.Sham19Y0132524-ara1,All phrases,3
0463IbnCabdBarr.Istighna.Sham19Y0132971-ara1,كسني يوسف,1
0463IbnCabdBarr.Istighna.Sham19Y0132971-ara1,All phrases,1
0543IbnCarabiIshbili.NasikhWaMansukh.Sham19Y0133367-ara1,كسني يوسف,2
0543IbnCarabiIshbili.NasikhWaMansukh.Sham19Y0133367-ara1,All phrases,2
0748Dhahabi.Muhadhdhab.Sham19Y0146127-ara1,لحوم الكلاب,1
0748Dhahabi.Muhadhdhab.Sham19Y0146127-ara1,كسني يوسف,6
0748Dhahabi.Muhadhdhab.Sham19Y0146127-ara1,All phrases,6
0597IbnJawzi.JamicMasanid.Sham19Y0148271-ara1,لحوم الكلاب,1
0597IbnJawzi.JamicMasanid.Sham19Y0148271-ara1,كسني يوسف,2
0597IbnJawzi.JamicMasanid.Sham19Y0148271-ara1,All phrases,2
0458Bayhaqi.SunanKubra.Sham19Y0148486-ara1,لحوم الكلاب,2
0458Bayhaqi.SunanKubra.Sham19Y0148486-ara1,كسني يوسف,8
0458Bayhaqi.SunanKubra.Sham19Y0148486-ara1,All phrases,8
0794BadrDinZarkashi.SalasilDhahab.Sham19Y0150599-ara1,اشتد الغلا,1
0769IbnFarhunBadrDin.CuddaFiIcrabCumda.Sham19Y0150600-ara1,كسني يوسف,1
0769IbnFarhunBadrDin.CuddaFiIcrabCumda.Sham19Y0150600-ara1,All phrases,1
0654SibtIbnJawzi.MiratZaman.SHAM19Y23644-ara1,لحوم الكلاب,2
0654SibtIbnJawzi.MiratZaman.SHAM19Y23644-ara1,اشتد الغلا,9
0654SibtIbnJawzi.MiratZaman.SHAM19Y23644-ara1,كسني يوسف,1
0654SibtIbnJawzi.MiratZaman.SHAM19Y23644-ara1,All phrases,1
0311IbnKhuzaymaNaysaburi.Sahih.ShamAY0031687-ara1,كسني يوسف,3
0311IbnKhuzaymaNaysaburi.Sahih.ShamAY0031687-ara1,All phrases,3
0316IbnIshaqIsfaraini.Mustrakhraj.ShamAY0032665-ara1,كسني يوسف,8
0316IbnIshaqIsfaraini.Mustrakhraj.ShamAY0032665-ara1,All phrases,8
0389Makhladi.Fawaid.ShamAY0032921-ara1,كسني يوسف,1
0389Makhladi.Fawaid.ShamAY0032921-ara1,All phrases,1
0360Tabarani.Tafsir.ShamAY0033108-ara1,حتي اكلوا الجيف والعظام والكلاب,1
0360Tabarani.Tafsir.ShamAY0033108-ara1,كسني يوسف,4
0360Tabarani.Tafsir.ShamAY0033108-ara1,All phrases,4
0751IbnQayyimJawziyya.HashiyaCalaSunanAbiDawud.ShamAY0033523-ara2,لحوم الكلاب,1
0855BadrDinCayni.CiqdJuman.ShamAY0033840-ara1,لحوم الكلاب,1
0855BadrDinCayni.CiqdJuman.ShamAY0033840-ara1,اشتد الغلا,2
0855BadrDinCayni.CiqdJuman.ShamAY0033840-ara1,واكل الناس بعضهم بعضا,1
0911Suyuti.SharhSunanNasai.ShamAY0033910-ara1,لحوم الكلاب,1
0911Suyuti.SharhSunanNasai.ShamAY0033910-ara1,كسني يوسف,2
0911Suyuti.SharhSunanNasai.ShamAY0033910-ara1,All phrases,2
0261Muslim.Sahih.ShamAY0033938-ara1,كسني يوسف,5
0261Muslim.Sahih.ShamAY0033938-ara1,All phrases,5
0702IbnDaqiqCidQushayri.IlmamBiAhadith.ShamAY0033975-ara1,لحوم الكلاب,2
0517AbuNucaymHaddadIsbahani.JamicSahihayn.ShamAY0034005-ara1,كسني يوسف,1
0517AbuNucaymHaddadIsbahani.JamicSahihayn.ShamAY0034005-ara1,All phrases,1
0204Shafici.IkhtilafHadith.ShamAY0034043-ara1,كسني يوسف,1
0204Shafici.IkhtilafHadith.ShamAY0034043-ara1,All phrases,1
0538JarAllahZamakhshari.Kashshaf.ShamAY0034052-ara1,كسني يوسف,2
0538JarAllahZamakhshari.Kashshaf.ShamAY0034052-ara1,All phrases,2
0429AbuMansurThacalibi.Jawahir.ShamAY0034066-ara1,كسني يوسف,1
0429AbuMansurThacalibi.Jawahir.ShamAY0034066-ara1,All phrases,1
0977KhatibShirbini.SirajMunir.ShamAY0034068-ara2,حتي اكلوا الكلاب,2
0977KhatibShirbini.SirajMunir.ShamAY0034068-ara2,حتي اكلوا الكلاب والجيف,2
0977KhatibShirbini.SirajMunir.ShamAY0034068-ara2,حتي اكلوا الكلاب والجيف,2
0977KhatibShirbini.SirajMunir.ShamAY0034068-ara2,كسني يوسف,5
0977KhatibShirbini.SirajMunir.ShamAY0034068-ara2,All phrases,7
0885BurhanDinBiqaci.NazmDurar.ShamAY0034073-ara1,كسني يوسف,1
0885BurhanDinBiqaci.NazmDurar.ShamAY0034073-ara1,All phrases,1
0911Suyuti.KawkabSatic.ShamAY0034179-ara1,لحوم الكلاب,1
0483IbnAhmadSarakhsi.Mabsut.ShamAY0034206-ara1,كسني يوسف,1
0483IbnAhmadSarakhsi.Mabsut.ShamAY0034206-ara1,All phrases,1
0450AbuHasanMawardi.HawiKabir.ShamAY0034249-ara1,لحوم الكلاب,4
0280IbnIsmacilKirmani.MasailHarb.ShamAY0034256-ara1,لحوم الكلاب,1
0624IbnIbrahimBahaDinMuqaddasi.CuddaSharhCumda.ShamAY0034263-ara1,لحوم الكلاب,1
0319IbnMundhirNaysaburi.AwsatFiSunan.ShamAY0034282-ara1,لحوم الكلاب,1
0319IbnMundhirNaysaburi.AwsatFiSunan.ShamAY0034282-ara1,كسني يوسف,2
0319IbnMundhirNaysaburi.AwsatFiSunan.ShamAY0034282-ara1,All phrases,2
0378HakimKabir.AsamiWaKuna.ShamAY0034585-ara1,كسني يوسف,1
0378HakimKabir.AsamiWaKuna.ShamAY0034585-ara1,All phrases,1
0803MalikAshrafIsmacilRasuli.CasjadMasbuk.ShamAY0034638-ara1,فاكل الناس الميته والكلاب والسنانير,1
0803MalikAshrafIsmacilRasuli.CasjadMasbuk.ShamAY0034638-ara1,اشتد الغلا,2
0803MalikAshrafIsmacilRasuli.CasjadMasbuk.ShamAY0034638-ara1,واكل الناس بعضهم بعضا,1
0238IbnHabibQurtubi.WadihaFiSunan.ShamAY0035251-ara1,لحوم الكلاب,1
0911Suyuti.Shafi.ShamAY0035950-ara1,كسني يوسف,2
0911Suyuti.Shafi.ShamAY0035950-ara1,All phrases,2
0751IbnQayyimJawziyya.TahdhibSunanAbiDawud.ShamAY0035960-ara1,لحوم الكلاب,1
0468IbnAhmadWahidiNaysaburi.AsbabNuzul.ShamAY0036736-ara1,كسني يوسف,1
0468IbnAhmadWahidiNaysaburi.AsbabNuzul.ShamAY0036736-ara1,All phrases,1
0902Sakhawi.IclanBiTawbikh.ShamAY0037134-ara1,كسني يوسف,1
0902Sakhawi.IclanBiTawbikh.ShamAY0037134-ara1,All phrases,1
0227IbnMansurKhurasani.Sunan.ShamAY0038067-ara1,كسني يوسف,1
0227IbnMansurKhurasani.Sunan.ShamAY0038067-ara1,All phrases,1
0354IbnHibbanBusti.Salat.ShamAY0038116-ara1,كسني يوسف,3
0354IbnHibbanBusti.Salat.ShamAY0038116-ara1,All phrases,3
0926ZakariyyaAnsari.HashiyaCalaSharhJamcJawamic.ShamAY0038201-ara1,لحوم الكلاب,1
0817MajdDinFiruzabadi.Maghanim.ShamAY0038405-ara1,لحوم الكلاب,3
0816AbuBakrMaraghi.TahqiqNusra.ShamAY0038413-ara1,لحوم الكلاب,1
0311IbnBajirBajiri.JamicMusnad.ShamAY0038638-ara1,كسني يوسف,4
0311IbnBajirBajiri.JamicMusnad.ShamAY0038638-ara1,All phrases,4
0510IbnMascudBaghawi.Tafsir.Shamela0000041-ara1.completed,لحوم الكلاب,1
0510IbnMascudBaghawi.Tafsir.Shamela0000041-ara1.completed,حتي اكلوا الكلاب,2
0510IbnMascudBaghawi.Tafsir.Shamela0000041-ara1.completed,حتي اكلوا الكلاب والجيف,2
0510IbnMascudBaghawi.Tafsir.Shamela0000041-ara1.completed,حتي اكلوا الجيف والعظام والكلاب,1
0510IbnMascudBaghawi.Tafsir.Shamela0000041-ara1.completed,حتي اكلوا الكلاب والجيف,2
0510IbnMascudBaghawi.Tafsir.Shamela0000041-ara1.completed,كسني يوسف,3
0510IbnMascudBaghawi.Tafsir.Shamela0000041-ara1.completed,All phrases,10
0795IbnRajabHanbali.FathBariFiSharhSahihBukhari.Shamela0000137-ara1,كسني يوسف,1
0795IbnRajabHanbali.FathBariFiSharhSahihBukhari.Shamela0000137-ara1,All phrases,1
0845Maqrizi.ItticazHunafa.Shamela0000176-ara1.completed,اشتد الغلا,6
0845Maqrizi.ItticazHunafa.Shamela0000176-ara1.completed,حتي اكلوا الكلاب,1
0463KhatibBaghdadi.TarikhBaghdad.Shamela0000736-ara2.mARkdown,اشتد الغلا,2
0650IbnMuhammadRadiDinSaghani.CubabZakhir.Shamela0000761-ara1,كسني يوسف,2
0650IbnMuhammadRadiDinSaghani.CubabZakhir.Shamela0000761-ara1,All phrases,2
0456IbnHazm.MuhallaBiAthar.Shamela0000767-ara1.completed,كسني يوسف,2
0456IbnHazm.MuhallaBiAthar.Shamela0000767-ara1.completed,All phrases,2
0311IbnSariZajjaj.MacaniQuran.Shamela0000922-ara1,كسني يوسف,3
0311IbnSariZajjaj.MacaniQuran.Shamela0000922-ara1,All phrases,3
0728IbnTaymiyya.MinhajSunna.Shamela0000927-ara1,كسني يوسف,1
0728IbnTaymiyya.MinhajSunna.Shamela0000927-ara1,All phrases,1
0681IbnKhallikan.WafayatAcyan.Shamela0001000-ara1.completed,اشتد الغلا,1
0681IbnKhallikan.WafayatAcyan.Shamela0001000-ara1.completed,واكل الناس بعضهم بعضا,1
0900AbuCabdAllahHimyari.RawdMictar.Shamela0001043-ara1.mARkdown,لحوم الكلاب,1
0710IbnAhmadHafizDinNasafi.Tafsir.Shamela0001394-ara1,كسني يوسف,2
0710IbnAhmadHafizDinNasafi.Tafsir.Shamela0001394-ara1,All phrases,2
0388AbuSulaymanKhattabi.MacalimSunan.Shamela0001442-ara1,لحوم الكلاب,1
0388AbuSulaymanKhattabi.MacalimSunan.Shamela0001442-ara1,كسني يوسف,1
0388AbuSulaymanKhattabi.MacalimSunan.Shamela0001442-ara1,All phrases,1
0902Sakhawi.SirrMaktum.Shamela0001500-ara1,كسني يوسف,2
0902Sakhawi.SirrMaktum.Shamela0001500-ara1,All phrases,2
0852IbnHajarCasqalani.FathBari.Shamela0001673-ara1,كسني يوسف,3
0852IbnHajarCasqalani.FathBari.Shamela0001673-ara1,All phrases,3
0230IbnSacd.TabaqatKubra.Shamela0001686-ara1.completed,كسني يوسف,2
0230IbnSacd.TabaqatKubra.Shamela0001686-ara1.completed,All phrases,2
0711IbnManzurIfriqi.LisanCarab.Shamela0001687-ara1.completed,كسني يوسف,2
0711IbnManzurIfriqi.LisanCarab.Shamela0001687-ara1.completed,All phrases,2
0684ShihabDinQarafi.Dhakhira.Shamela0001717-ara1.completed,لحوم الكلاب,1
0463IbnCabdBarr.TamhidMuwatta.Shamela0001719-ara1,لحوم الكلاب,1
0463IbnCabdBarr.TamhidMuwatta.Shamela0001719-ara1,كسني يوسف,1
0463IbnCabdBarr.TamhidMuwatta.Shamela0001719-ara1,All phrases,1
0360Tabarani.MucjamKabir.Shamela0001733-ara1,واكل الناس بعضهم بعضا,1
0360Tabarani.MucjamKabir.Shamela0001733-ara1,كسني يوسف,1
0360Tabarani.MucjamKabir.Shamela0001733-ara1,All phrases,1
0643DiyaDinMuqaddasi.SunanWaAhkamCanMustafa.Shamela0001875-ara1,لحوم الكلاب,1
0643DiyaDinMuqaddasi.SunanWaAhkamCanMustafa.Shamela0001875-ara1,كسني يوسف,1
0643DiyaDinMuqaddasi.SunanWaAhkamCanMustafa.Shamela0001875-ara1,All phrases,1
0852IbnHajarCasqalani.CujabFiBayanAsbab.Shamela0002102-ara1,كسني يوسف,2
0852IbnHajarCasqalani.CujabFiBayanAsbab.Shamela0002102-ara1,All phrases,2
0911Suyuti.LubabNuqul.Shamela0002247-ara1,كسني يوسف,1
0911Suyuti.LubabNuqul.Shamela0002247-ara1,All phrases,1
0458Bayhaqi.MacrifatSunanWaAthar.Shamela0002863-ara1.completed,لحوم الكلاب,2
0458Bayhaqi.MacrifatSunanWaAthar.Shamela0002863-ara1.completed,كسني يوسف,2
0458Bayhaqi.MacrifatSunanWaAthar.Shamela0002863-ara1.completed,All phrases,2
0711IbnManzurIfriqi.MukhtasarTarikhDimashq.Shamela0003118-ara1.completed,اشتد الغلا,1
0711IbnManzurIfriqi.MukhtasarTarikhDimashq.Shamela0003118-ara1.completed,واكل الناس بعضهم بعضا,1
0711IbnManzurIfriqi.MukhtasarTarikhDimashq.Shamela0003118-ara1.completed,كسني يوسف,2
0711IbnManzurIfriqi.MukhtasarTarikhDimashq.Shamela0003118-ara1.completed,All phrases,2
0911Suyuti.HusnMuhadara.Shamela0003283-ara1.completed,اشتد الغلا,4
0742Mizzi.TahdhibKamal.Shamela0003722-ara1.completed,لحوم الكلاب,1
0581IbnKharratIshbili.AhkamSharciyya.Shamela0004289-ara1,لحوم الكلاب,1
0581IbnKharratIshbili.AhkamSharciyya.Shamela0004289-ara1,كسني يوسف,2
0581IbnKharratIshbili.AhkamSharciyya.Shamela0004289-ara1,All phrases,2
0774IbnKathir.Bidaya.Shamela0004445-ara1.completed,حتي اكل بعضهم بعضا,1
0774IbnKathir.Bidaya.Shamela0004445-ara1.completed,اشتد الغلا,6
0774IbnKathir.Bidaya.Shamela0004445-ara1.completed,وافنيت الحمر والخيل والبغال والكلاب من اكل الناس لها,1
0774IbnKathir.Bidaya.Shamela0004445-ara1.completed,حتي اكلوا الكلاب,3
0676Nawawi.IjazFiSharhSunanAbiDawud.Shamela0005064-ara1,لحوم الكلاب,2
0312IbnCaliTusi.MukhtasarAhkam.Shamela0005583-ara1,لحوم الكلاب,1
0852IbnHajarCasqalani.ImtacBiArbacin.Shamela0005719-ara1,كسني يوسف,1
0852IbnHajarCasqalani.ImtacBiArbacin.Shamela0005719-ara1,All phrases,1
0855BadrDinCayni.CumdatQari.Shamela0005756-ara1.completed,كسني يوسف,24
0855BadrDinCayni.CumdatQari.Shamela0005756-ara1.completed,All phrases,24
0354IbnHibbanBusti.Thiqat.Shamela0005816-ara1.completed,لحوم الكلاب,1
0406IbnFurakIsbahani.MushkilHadith.Shamela0005899-ara1,كسني يوسف,1
0406IbnFurakIsbahani.MushkilHadith.Shamela0005899-ara1,All phrases,1
0804IbnMulaqqin.BadrMunir.Shamela0005922-ara1,لحوم الكلاب,1
0804IbnMulaqqin.BadrMunir.Shamela0005922-ara1,كسني يوسف,1
0804IbnMulaqqin.BadrMunir.Shamela0005922-ara1,All phrases,1
0476AbuIshaqShirazi.MacunaFiJadal.Shamela0006320-ara1,لحوم الكلاب,1
0650IbnNazifHamawi.TarikhMansuri.Shamela0006607-ara1.completed,واكل الناس بعضهم بعضا,1
0749ZaynDinIbnWardi.Tarikh.Shamela0006624-ara1,اشتد الغلا,1
0665AbuShama.Rawdatayn.Shamela0006631-ara1.completed,اشتد الغلا,3
0874IbnTaghribirdi.MawridLatafa.Shamela0006669-ara1.completed,اشتد الغلا,1
0429AbuMansurThacalibi.ThimarQulub.Shamela0006896-ara1.mARkdown,كسني يوسف,2
0429AbuMansurThacalibi.ThimarQulub.Shamela0006896-ara1.mARkdown,All phrases,2
0276IbnQutaybaDinawari.TawilMukhtalafHadith.Shamela0007292-ara1.mARkdown,كسني يوسف,2
0276IbnQutaybaDinawari.TawilMukhtalafHadith.Shamela0007292-ara1.mARkdown,All phrases,2
0370IbnCaliJassas.AhkamQuran.Shamela0007370-ara1,لحوم الكلاب,1
0911Suyuti.QutMughtadhi.Shamela0007562-ara1,لحوم الكلاب,1
0310Tabari.JamicBayan.Shamela0007798-ara1.inProgress,كسني يوسف,5
0310Tabari.JamicBayan.Shamela0007798-ara1.inProgress,All phrases,5
0510IbnMascudBaghawi.SharhSunna.Shamela0007891-ara1,كسني يوسف,3
0510IbnMascudBaghawi.SharhSunna.Shamela0007891-ara1,All phrases,3
0587IbnMascudCalaDinKasani.BadaicSanaic.Shamela0008183-ara1,كسني يوسف,1
0587IbnMascudCalaDinKasani.BadaicSanaic.Shamela0008183-ara1,All phrases,1
0741KhatibTabrizi.MishkatMasabih.Shamela0008360-ara1,لحوم الكلاب,1
0741KhatibTabrizi.MishkatMasabih.Shamela0008360-ara1,كسني يوسف,1
0741KhatibTabrizi.MishkatMasabih.Shamela0008360-ara1,All phrases,1
0832AbuTayyibFasi.ShifaGharam.Shamela0008362-ara1,لحوم الكلاب,1
0832AbuTayyibFasi.ShifaGharam.Shamela0008362-ara1,اشتد الغلا,2
0219IbnZubayrHumaydi.Musnad.Shamela0008493-ara1,كسني يوسف,1
0219IbnZubayrHumaydi.Musnad.Shamela0008493-ara1,All phrases,1
0285IbnYazidMubarrad.KamilFiLugha.Shamela0008505-ara1.mARkdown,كسني يوسف,1
0285IbnYazidMubarrad.KamilFiLugha.Shamela0008505-ara1.mARkdown,All phrases,1
0855BadrDinCayni.SharhSunanAbiDawud.Shamela0008540-ara1,لحوم الكلاب,1
0855BadrDinCayni.SharhSunanAbiDawud.Shamela0008540-ara1,كسني يوسف,2
0855BadrDinCayni.SharhSunanAbiDawud.Shamela0008540-ara1,All phrases,2
0327IbnAbiHatimRazi.Tafsir.Shamela0008658-ara1,لحوم الكلاب,1
0327IbnAbiHatimRazi.Tafsir.Shamela0008658-ara1,كسني يوسف,3
0327IbnAbiHatimRazi.Tafsir.Shamela0008658-ara1,All phrases,3
0385Daraqutni.CilalWarida.Shamela0009082-ara1.completed,كسني يوسف,1
0385Daraqutni.CilalWarida.Shamela0009082-ara1.completed,All phrases,1
0458Bayhaqi.AsmaWaSifat.Shamela0009270-ara1.completed,كسني يوسف,1
0458Bayhaqi.AsmaWaSifat.Shamela0009270-ara1.completed,All phrases,1
0543IbnIbrahimHamadhaniJurqani.Abatil.Shamela0009642-ara1,كسني يوسف,1
0543IbnIbrahimHamadhaniJurqani.Abatil.Shamela0009642-ara1,All phrases,1
0728IbnTaymiyya.FatawaKubra.Shamela0009690-ara1,لحوم الكلاب,7
0728IbnTaymiyya.FatawaKubra.Shamela0009690-ara1,كسني يوسف,3
0728IbnTaymiyya.FatawaKubra.Shamela0009690-ara1,All phrases,3
0450AbuHasanMawardi.AclamNubuwwa.Shamela0009768-ara1,كسني يوسف,1
0450AbuHasanMawardi.AclamNubuwwa.Shamela0009768-ara1,All phrases,1
0634AbuRabicHimyari.Iktifa.Shamela0009770-ara1.completed,حتي اكلوا الكلاب,1
0966HusaynDiyarbakri.TarikhKhamis.Shamela0009784-ara1,كسني يوسف,1
0966HusaynDiyarbakri.TarikhKhamis.Shamela0009784-ara1,All phrases,1
0478ImamHaramaynJuwayni.NihayatMatlab.Shamela0009851-ara1,كسني يوسف,1
0478ImamHaramaynJuwayni.NihayatMatlab.Shamela0009851-ara1,All phrases,1
0660IbnCadim.ZubdatHalab.Shamela0009872-ara1.completed,اشتد الغلا,3
0774IbnKathir.TuhfatTalib.Shamela0009978-ara1,لحوم الكلاب,1
0383IbnCabbasKhwarizmi.MufidCulum.Shamela0010262-ara1.completed,حتي اكل بعضهم بعضا,1
0728IbnTaymiyya.MustadrakCalaMajmucFatawa.Shamela0010284-ara1,لحوم الكلاب,1
0400CubaydAllahIbnHassan.MajmucatMukhtaratRasailJahiz.Shamela0010428BK2-ara1.mARkdown,كسني يوسف,1
0400CubaydAllahIbnHassan.MajmucatMukhtaratRasailJahiz.Shamela0010428BK2-ara1.mARkdown,All phrases,1
0255Jahiz.HujajNubuwwa.Shamela0010428BK27-ara1.mARkdown,كسني يوسف,1
0255Jahiz.HujajNubuwwa.Shamela0010428BK27-ara1.mARkdown,All phrases,1
0643DiyaDinMuqaddasi.AhadithMukhatara.Shamela0010480-ara1,لحوم الكلاب,1
0373AbuLaythSamarqandi.TanbihGhafilin.Shamela0010488-ara1,كسني يوسف,1
0373AbuLaythSamarqandi.TanbihGhafilin.Shamela0010488-ara1,All phrases,1
0406IbnFurakIsbahani.Tafsir.Shamela0010523-ara1,كسني يوسف,1
0406IbnFurakIsbahani.Tafsir.Shamela0010523-ara1,All phrases,1
0544QadiCiyad.MashariqAnwar.Shamela0010527-ara1.completed,كسني يوسف,2
0544QadiCiyad.MashariqAnwar.Shamela0010527-ara1.completed,All phrases,2
0676Nawawi.Adhkar.Shamela0010639-ara1,كسني يوسف,1
0676Nawawi.Adhkar.Shamela0010639-ara1,All phrases,1
0744IbnCabdHadi.TanqihTahqiq.Shamela0010657-ara1,لحوم الكلاب,1
0808MuhammadDamiri.HayatHayawanKubra.Shamela0010664-ara1,كسني يوسف,1
0808MuhammadDamiri.HayatHayawanKubra.Shamela0010664-ara1,All phrases,1
0463IbnCabdBarr.Durar.Shamela0010695-ara1.completed,كسني يوسف,1
0463IbnCabdBarr.Durar.Shamela0010695-ara1.completed,All phrases,1
0660IbnCadim.BughyatTalab.Shamela0010798-ara1.completed,كسني يوسف,3
0660IbnCadim.BughyatTalab.Shamela0010798-ara1.completed,All phrases,3
0806IbnHusaynZaynDinCiraqi.TarhTarthib.Shamela0011036-ara1,كسني يوسف,3
0806IbnHusaynZaynDinCiraqi.TarhTarthib.Shamela0011036-ara1,All phrases,3
0762IbnYusufZaylaci.NasbRaya.Shamela0011428-ara1,لحوم الكلاب,1
0762IbnYusufZaylaci.NasbRaya.Shamela0011428-ara1,كسني يوسف,1
0762IbnYusufZaylaci.NasbRaya.Shamela0011428-ara1,All phrases,1
0790IbnMusaGharnatiShatibi.Muwafaqat.Shamela0011435-ara1,كسني يوسف,1
0790IbnMusaGharnatiShatibi.Muwafaqat.Shamela0011435-ara1,All phrases,1
0421IbnMuhammadMarzuqi.AzminaWaAmkina.Shamela0011469-ara1.completed,كسني يوسف,3
0421IbnMuhammadMarzuqi.AzminaWaAmkina.Shamela0011469-ara1.completed,All phrases,3
0845Maqrizi.Mawaciz.Shamela0011566-ara1.completed,اشتد الغلا,6
0779IbnBattuta.Rihla.Shamela0011769-ara1.completed,اشتد الغلا,1
0884AbuDharrSibtIbnCajami.KunuzDhahab.Shamela0011786-ara1,اشتد الغلا,1
0803IbnMusaJamalDinMalati.MuctasarMinMukhtasar.Shamela0011816-ara1,كسني يوسف,1
0803IbnMusaJamalDinMalati.MuctasarMinMukhtasar.Shamela0011816-ara1,All phrases,1
0911Suyuti.TarikhKhulafa.Shamela0011997-ara1,اشتد الغلا,3
0668IbnHusaynJacfariHashimi.Takhjil.Shamela0012002-ara1,اشتد الغلا,1
0597IbnJawzi.SaydKhatir.Shamela0012028-ara1,اشتد الغلا,1
0970IbnIbrahimIbnNujaymMisri.BahrRaiq.Shamela0012227BK1-ara1,لحوم الكلاب,1
0400IbnTahirMaqdisi.BadWaTarikh.Shamela0012318-ara1.completed,حتي اكلوا الكلاب,1
0400IbnTahirMaqdisi.BadWaTarikh.Shamela0012318-ara1.completed,حتي اكلوا الكلاب والجيف,1
0400IbnTahirMaqdisi.BadWaTarikh.Shamela0012318-ara1.completed,حتي اكلوا الكلاب والجيف,1
0400IbnTahirMaqdisi.BadWaTarikh.Shamela0012318-ara1.completed,كسني يوسف,1
0400IbnTahirMaqdisi.BadWaTarikh.Shamela0012318-ara1.completed,All phrases,2
0808IbnKhaldun.Tarikh.Shamela0012320-ara1.completed,حتي اكل بعضهم بعضا,1
0808IbnKhaldun.Tarikh.Shamela0012320-ara1.completed,اشتد الغلا,1
0685IbnCibri.TarikhMukhtasarDuwal.Shamela0012348-ara1.completed,حتي اكل بعضهم بعضا,1
0685IbnCibri.TarikhMukhtasarDuwal.Shamela0012348-ara1.completed,لحوم الكلاب,1
0685IbnCibri.TarikhMukhtasarDuwal.Shamela0012348-ara1.completed,اشتد الغلا,1
0421Miskawayh.Tajarib.Shamela0012396-ara1.completed,اشتد الغلا,1
0421Miskawayh.Tajarib.Shamela0012396-ara1.completed,حتي اكلوا الكلاب,1
0597IbnJawzi.Muntazam.Shamela0012406-ara1.mARkdown,اشتد الغلا,5
0597IbnJawzi.Muntazam.Shamela0012406-ara1.mARkdown,حتي اكلوا الكلاب,2
0726Yunini.DhaylMiratZaman.Shamela0012722-ara1.completed,اشتد الغلا,3
0571IbnCasakir.MucjamShuyukh.Shamela0012750-ara1.completed,كسني يوسف,1
0571IbnCasakir.MucjamShuyukh.Shamela0012750-ara1.completed,All phrases,1
0911Suyuti.DurrManthur.Shamela0012884-ara1.completed,لحوم الكلاب,1
0911Suyuti.DurrManthur.Shamela0012884-ara1.completed,كسني يوسف,3
0911Suyuti.DurrManthur.Shamela0012884-ara1.completed,All phrases,3
0292AbuBakrBazzar.BahrZakhkhar.Shamela0012981-ara1,كسني يوسف,2
0292AbuBakrBazzar.BahrZakhkhar.Shamela0012981-ara1,All phrases,2
0264IbnYahyaMuzani.SunanMathura.Shamela0013033-ara1,كسني يوسف,1
0264IbnYahyaMuzani.SunanMathura.Shamela0013033-ara1,All phrases,1
0338AbuJacfarNahhas.NasikhWaMansukh.Shamela0013073-ara1,كسني يوسف,1
0338AbuJacfarNahhas.NasikhWaMansukh.Shamela0013073-ara1,All phrases,1
0535QawwamSunna.SiyarSalaf.Shamela0021493-ara1.mARkdown,كسني يوسف,1
0535QawwamSunna.SiyarSalaf.Shamela0021493-ara1.mARkdown,All phrases,1
0204Shafici.Musnad.Shamela0021495-ara1,كسني يوسف,2
0204Shafici.Musnad.Shamela0021495-ara1,All phrases,2
0897IbnYusufCabdariGharnati.TajWaIklilLiMukhtasarKhalil.Shamela0021611-ara1,لحوم الكلاب,1
0751IbnQayyimJawziyya.ZadMacad.Shamela0021713-ara1,كسني يوسف,1
0751IbnQayyimJawziyya.ZadMacad.Shamela0021713-ara1,All phrases,1
0923AhmadQastallani.IrshadSari.Shamela0021715-ara1.completed,لحوم الكلاب,1
0923AhmadQastallani.IrshadSari.Shamela0021715-ara1.completed,كسني يوسف,26
0923AhmadQastallani.IrshadSari.Shamela0021715-ara1.completed,All phrases,26
0558IbnAbiKhayrCimraniYamani.ByanFiMadhhabShafici.Shamela0021721-ara1,لحوم الكلاب,1
0558IbnAbiKhayrCimraniYamani.ByanFiMadhhabShafici.Shamela0021721-ara1,كسني يوسف,1
0558IbnAbiKhayrCimraniYamani.ByanFiMadhhabShafici.Shamela0021721-ara1,All phrases,1
0620IbnQudamaMaqdisi.KafiFiFiqh.Shamela0021731-ara1,لحوم الكلاب,1
0595IbnRushdHafid.BidayatMujtahid.Shamela0021739-ara1,لحوم الكلاب,1
0772ShamsDinHanbaliZarqashi.SharhCalaMukhtasarKhiraqi.Shamela0021743-ara1,لحوم الكلاب,1
0861IbnHumam.FathQadir.Shamela0021744-ara1,لحوم الكلاب,1
0321AbuJacfarTahawi.SharhMushkilAthar.Shamela0022547-ara1,كسني يوسف,3
0321AbuJacfarTahawi.SharhMushkilAthar.Shamela0022547-ara1,All phrases,3
0319IbnMundhirNaysaburi.TafsirQuran.Shamela0022549-ara1.completed,كسني يوسف,1
0319IbnMundhirNaysaburi.TafsirQuran.Shamela0022549-ara1.completed,All phrases,1
0272Fakihi.AkhbarMakka.Shamela0022579-ara1.mARkdown,كسني يوسف,1
0272Fakihi.AkhbarMakka.Shamela0022579-ara1.mARkdown,All phrases,1
0437MakkiIbnHammushQaysi.Hidaya.Shamela0022593-ara1.completed,لحوم الكلاب,1
0437MakkiIbnHammushQaysi.Hidaya.Shamela0022593-ara1.completed,كسني يوسف,3
0437MakkiIbnHammushQaysi.Hidaya.Shamela0022593-ara1.completed,All phrases,3
0555IbnQalanisi.Tarikh.Shamela0022799-ara1.completed,واكل الناس بعضهم بعضا,1
0748Dhahabi.TanqihTahqiq.Shamela0022848-ara1,لحوم الكلاب,1
0748Dhahabi.TanqihTahqiq.Shamela0022848-ara1,كسني يوسف,2
0748Dhahabi.TanqihTahqiq.Shamela0022848-ara1,All phrases,2
0584IbnMusaHazimi.IctibarFiNasikhWaMansukh.Shamela0022868-ara1,كسني يوسف,3
0584IbnMusaHazimi.IctibarFiNasikhWaMansukh.Shamela0022868-ara1,All phrases,3
0874IbnTaghribirdi.ManhalSafi.Shamela0023156-ara1.completed,لحوم الكلاب,1
0573NashwanHimyari.ShamsCulum.Shamela0023358-ara1,كسني يوسف,2
0573NashwanHimyari.ShamsCulum.Shamela0023358-ara1,All phrases,2
0427AbuIshaqThaclabi.KashfWaBayan.Shamela0023578-ara1.completed,واكلوا الكلاب والميته,1
0427AbuIshaqThaclabi.KashfWaBayan.Shamela0023578-ara1.completed,حتي اكلوا الجيف والعظام والكلاب,1
0427AbuIshaqThaclabi.KashfWaBayan.Shamela0023578-ara1.completed,كسني يوسف,2
0427AbuIshaqThaclabi.KashfWaBayan.Shamela0023578-ara1.completed,All phrases,2
0685NasirDinBaydawi.AnwarTanzil.Shamela0023588-ara1,كسني يوسف,1
0685NasirDinBaydawi.AnwarTanzil.Shamela0023588-ara1,All phrases,1
0745AbuHayyanGharnati.TafsirBahrMuhit.Shamela0023591-ara1.completed,كسني يوسف,5
0745AbuHayyanGharnati.TafsirBahrMuhit.Shamela0023591-ara1.completed,All phrases,5
0367AbuLaythSamarqandi.BahrCulum.Shamela0023594-ara1,حتي اكلوا الكلاب,1
0367AbuLaythSamarqandi.BahrCulum.Shamela0023594-ara1,حتي اكلوا الكلاب والجيف,1
0367AbuLaythSamarqandi.BahrCulum.Shamela0023594-ara1,حتي اكلوا الكلاب والجيف,1
0367AbuLaythSamarqandi.BahrCulum.Shamela0023594-ara1,كسني يوسف,4
0367AbuLaythSamarqandi.BahrCulum.Shamela0023594-ara1,All phrases,5
0730NizamDinNaysaburi.GharaibQuran.Shamela0023613-ara1,كسني يوسف,3
0730NizamDinNaysaburi.GharaibQuran.Shamela0023613-ara1,All phrases,3
0741KhazinBaghdadi.LubabTawil.Shamela0023628-ara1.completed,لحوم الكلاب,2
0741KhazinBaghdadi.LubabTawil.Shamela0023628-ara1.completed,حتي اكلوا الكلاب,2
0741KhazinBaghdadi.LubabTawil.Shamela0023628-ara1.completed,حتي اكلوا الكلاب والجيف,2
0741KhazinBaghdadi.LubabTawil.Shamela0023628-ara1.completed,حتي اكلوا الجيف والعظام والكلاب,1
0741KhazinBaghdadi.LubabTawil.Shamela0023628-ara1.completed,حتي اكلوا الكلاب والجيف,2
0741KhazinBaghdadi.LubabTawil.Shamela0023628-ara1.completed,كسني يوسف,7
0741KhazinBaghdadi.LubabTawil.Shamela0023628-ara1.completed,All phrases,14
0541IbnCatiyyaAndalusi.MuharrarWajiz.Shamela0023632-ara1.completed,كسني يوسف,1
0541IbnCatiyyaAndalusi.MuharrarWajiz.Shamela0023632-ara1.completed,All phrases,1
0207IbnZiyadFarra.MacaniQuran.Shamela0023634-ara1,كسني يوسف,1
0207IbnZiyadFarra.MacaniQuran.Shamela0023634-ara1,All phrases,1
0606FakhrDinRazi.MafatihGhayb.Shamela0023635-ara1,كسني يوسف,2
0606FakhrDinRazi.MafatihGhayb.Shamela0023635-ara1,All phrases,2
0407IbnMuhammadKharkushi.SharafMustafa.Shamela0023644-ara1,كسني يوسف,3
0407IbnMuhammadKharkushi.SharafMustafa.Shamela0023644-ara1,All phrases,3
0923AhmadQastallani.MawahibLaduniyya.Shamela0023685-ara1,كسني يوسف,1
0923AhmadQastallani.MawahibLaduniyya.Shamela0023685-ara1,All phrases,1
0911Samhudi.WafaWafa.Shamela0023695-ara1.completed,لحوم الكلاب,1
0255Jahiz.Hayawan.Shamela0023775-ara1.completed,لحوم الكلاب,8
0328IbnCabdRabbihi.CiqdFarid.Shamela0023789-ara1.completed,كسني يوسف,1
0328IbnCabdRabbihi.CiqdFarid.Shamela0023789-ara1.completed,All phrases,1
0606IbnAthirMajdDin.MucjamJamic.Shamela0025800-ara1,لحوم الكلاب,1
0606IbnAthirMajdDin.MucjamJamic.Shamela0025800-ara1,كسني يوسف,8
0606IbnAthirMajdDin.MucjamJamic.Shamela0025800-ara1,All phrases,8
0276IbnQutaybaDinawari.MacaniKabir.Shamela0025837-ara1.mARkdown,لحوم الكلاب,1
0748Dhahabi.CibarFiKhabar.Shamela0025841-ara1.mARkdown,اشتد الغلا,3
0748Dhahabi.CibarFiKhabar.Shamela0025841-ara1.mARkdown,حتي اكلوا الكلاب والحمر,1
0748Dhahabi.CibarFiKhabar.Shamela0025841-ara1.mARkdown, اكلوا الكلاب والحمر,1
0748Dhahabi.CibarFiKhabar.Shamela0025841-ara1.mARkdown,حتي اكلوا الكلاب,1
0405AbuCabbasCasmi.Juz.Shamela0026563-ara1,كسني يوسف,1
0405AbuCabbasCasmi.Juz.Shamela0026563-ara1,All phrases,1
0282IbnHarbCaskari.MusnadAbiHurayra.Shamela0026592-ara1,كسني يوسف,1
0282IbnHarbCaskari.MusnadAbiHurayra.Shamela0026592-ara1,All phrases,1
0313IbnIshaqSarraj.Musnad.Shamela0026668-ara1,كسني يوسف,10
0313IbnIshaqSarraj.Musnad.Shamela0026668-ara1,All phrases,10
0197IbnWahbQurashi.MuwattaIbnWahb.Shamela0026865-ara1,كسني يوسف,1
0197IbnWahbQurashi.MuwattaIbnWahb.Shamela0026865-ara1,All phrases,1
0685IbnSacidMaghribi.NashwatTarab.Shamela0028174-ara1.completed,كسني يوسف,1
0685IbnSacidMaghribi.NashwatTarab.Shamela0028174-ara1.completed,All phrases,1
0840IbnWazirYamani.CawasimWaQawasim.Shamela0029677-ara1,كسني يوسف,1
0840IbnWazirYamani.CawasimWaQawasim.Shamela0029677-ara1,All phrases,1
0222IbnNaficHimsi.Hadith.Shamela0029704-ara1,كسني يوسف,1
0222IbnNaficHimsi.Hadith.Shamela0029704-ara1,All phrases,1
0273AbuUmayyaTarsusi.MusnadAbiUmayya.Shamela0029711-ara1,كسني يوسف,1
0273AbuUmayyaTarsusi.MusnadAbiUmayya.Shamela0029711-ara1,All phrases,1
0911Samhudi.KhulasatWafa.Shamela0031372-ara1.completed,لحوم الكلاب,1
0748Dhahabi.TarikhIslam.Shamela0035100-ara1.mARkdown,حتي اكل بعضهم بعضا,2
0748Dhahabi.TarikhIslam.Shamela0035100-ara1.mARkdown,حتي ابيع الكلب ب,1
0748Dhahabi.TarikhIslam.Shamela0035100-ara1.mARkdown,لحوم الكلاب,1
0748Dhahabi.TarikhIslam.Shamela0035100-ara1.mARkdown,اشتد الغلا,8
0748Dhahabi.TarikhIslam.Shamela0035100-ara1.mARkdown,حتي اكلوا الكلاب,2
0748Dhahabi.TarikhIslam.Shamela0035100-ara1.mARkdown,حتي اكلوا الكلاب والجيف,1
0748Dhahabi.TarikhIslam.Shamela0035100-ara1.mARkdown,حتي اكلوا الكلاب والجيف,1
0377IbnAhmadFarisi.HujjaLiQurraSabca.Shamela0035101-ara1,كسني يوسف,2
0377IbnAhmadFarisi.HujjaLiQurraSabca.Shamela0035101-ara1,All phrases,2
0716NajmDinTufi.Intisarat.Shamela0037713-ara1,اشتد الغلا,1
0435MuhallabAndalusi.MukhtasarNasih.Shamela0037837-ara1,كسني يوسف,4
0435MuhallabAndalusi.MukhtasarNasih.Shamela0037837-ara1,All phrases,4
0333AbuMansurMaturidi.Tafsir.Shamela0095590-ara1,حتي اكلوا الكلاب,1
0333AbuMansurMaturidi.Tafsir.Shamela0095590-ara1,حتي اكلوا الكلاب والجيف,1
0333AbuMansurMaturidi.Tafsir.Shamela0095590-ara1,حتي اكلوا الكلاب والجيف,1
0333AbuMansurMaturidi.Tafsir.Shamela0095590-ara1,كسني يوسف,3
0333AbuMansurMaturidi.Tafsir.Shamela0095590-ara1,All phrases,4
0388AbuSulaymanKhattabi.ShanDuca.Shamela0095700-ara1,كسني يوسف,1
0388AbuSulaymanKhattabi.ShanDuca.Shamela0095700-ara1,All phrases,1
0893IbnAhmadZaynDinSharji.TajridSarih.Shamela0096283-ara1,كسني يوسف,1
0893IbnAhmadZaynDinSharji.TajridSarih.Shamela0096283-ara1,All phrases,1
0728IbnTaymiyya.MasalaMardiniyya.Shamela0096844-ara1,لحوم الكلاب,1
0275AbuDawudSijistani.Sunan.Shamela0117359-ara1,لحوم الكلاب,1
0275AbuDawudSijistani.Sunan.Shamela0117359-ara1,كسني يوسف,1
0275AbuDawudSijistani.Sunan.Shamela0117359-ara1,All phrases,1
0845Maqrizi.Muqaffa.Shamela19Y0145334-ara1,اشتد الغلا,2
0280HudHawari.Tafsir.ShamIbadiyya0000194-ara1,كسني يوسف,1
0280HudHawari.Tafsir.ShamIbadiyya0000194-ara1,All phrases,1
0460ShaykhTusi.Khilaf.Shia000026Vols-ara1,كسني يوسف,2
0460ShaykhTusi.Khilaf.Shia000026Vols-ara1,All phrases,2
0676IbnHasanMuhaqqiqHilli.MuctabarFiSharhMukhtasar.Shia000055Vols-ara1,كسني يوسف,1
0676IbnHasanMuhaqqiqHilli.MuctabarFiSharhMukhtasar.Shia000055Vols-ara1,All phrases,1
0726CallamaHilli.MuntahaMatlab.Shia000107Vols-ara1,كسني يوسف,1
0726CallamaHilli.MuntahaMatlab.Shia000107Vols-ara1,All phrases,1
0204Shafici.Umm.Shia000820Vols-ara1,كسني يوسف,1
0204Shafici.Umm.Shia000820Vols-ara1,All phrases,1
0264IbnYahyaMuzani.Mukhtasar.Shia000828-ara1,لحوم الكلاب,1
0676Nawawi.Majmuc.Shia000841Vols-ara1,لحوم الكلاب,2
0676Nawawi.Majmuc.Shia000841Vols-ara1,كسني يوسف,1
0676Nawawi.Majmuc.Shia000841Vols-ara1,All phrases,1
0260IbnShadhanAzdi.Idah.Shia001269-ara1,واكل الناس بعضهم بعضا,1
0363QadiNucman.SharhAkhbar.Shia001278Vols-ara1.completed,كسني يوسف,2
0363QadiNucman.SharhAkhbar.Shia001278Vols-ara1.completed,All phrases,2
0413ShaykhMufid.FusulMukhtara.Shia001303-ara1,كسني يوسف,1
0413ShaykhMufid.FusulMukhtara.Shia001303-ara1,All phrases,1
0573IbnHibatAllahQutbDinRawandi.Kharaij.Shia001344Vols-ara1,كسني يوسف,1
0573IbnHibatAllahQutbDinRawandi.Kharaij.Shia001344Vols-ara1,All phrases,1
0588IbnShahrAshub.ManaqibAlAbiTalib.Shia001349Vols-ara1,كسني يوسف,3
0588IbnShahrAshub.ManaqibAlAbiTalib.Shia001349Vols-ara1,All phrases,3
0880IbnAbiJumhurAhsai.CawaliLaali.Shia001395Vols-ara1,لحوم الكلاب,1
0880IbnAbiJumhurAhsai.CawaliLaali.Shia001395Vols-ara1,كسني يوسف,1
0880IbnAbiJumhurAhsai.CawaliLaali.Shia001395Vols-ara1,All phrases,1
0273IbnMaja.Sunan.Shia001731Vols-ara1,كسني يوسف,1
0273IbnMaja.Sunan.Shia001731Vols-ara1,All phrases,1
0676Nawawi.MinhajFiSharhMuslim.Shia001764Vols-ara1,كسني يوسف,2
0676Nawawi.MinhajFiSharhMuslim.Shia001764Vols-ara1,All phrases,2
0807NurDinHaythami.MajmacZawaid.Shia001782Vols-ara1,واكل الناس بعضهم بعضا,1
0807NurDinHaythami.MajmacZawaid.Shia001782Vols-ara1,كسني يوسف,1
0807NurDinHaythami.MajmacZawaid.Shia001782Vols-ara1,All phrases,1
0911Suyuti.DibajCalaMuslim.Shia001831Vols-ara1,كسني يوسف,2
0911Suyuti.DibajCalaMuslim.Shia001831Vols-ara1,All phrases,2
0307AbuYaclaMawsili.Musnad.Shia001976Vols-ara1,كسني يوسف,2
0307AbuYaclaMawsili.Musnad.Shia001976Vols-ara1,All phrases,2
0307IbnJarudNaysaburi.Muntaqa.Shia001989-ara1,لحوم الكلاب,1
0307IbnJarudNaysaburi.Muntaqa.Shia001989-ara1,كسني يوسف,1
0307IbnJarudNaysaburi.Muntaqa.Shia001989-ara1,All phrases,1
0321AbuJacfarTahawi.SharhMacaniAthar.Shia002003Vols-ara1,كسني يوسف,1
0321AbuJacfarTahawi.SharhMacaniAthar.Shia002003Vols-ara1,All phrases,1
0360Tabarani.MucjamAwsat.Shia002034Vols-ara1,كسني يوسف,1
0360Tabarani.MucjamAwsat.Shia002034Vols-ara1,All phrases,1
0360Tabarani.MusnadShamiyyin.Shia002069Vols-ara1,كسني يوسف,3
0360Tabarani.MusnadShamiyyin.Shia002069Vols-ara1,All phrases,3
0463IbnCabdBarr.IstidhkarJamic.Shia002119Vols-ara1,لحوم الكلاب,1
0463IbnCabdBarr.IstidhkarJamic.Shia002119Vols-ara1,كسني يوسف,1
0463IbnCabdBarr.IstidhkarJamic.Shia002119Vols-ara1,All phrases,1
0538JarAllahZamakhshari.FaiqFiGharib.Shia002170Vols-ara1,كسني يوسف,1
0538JarAllahZamakhshari.FaiqFiGharib.Shia002170Vols-ara1,All phrases,1
0656IbnAbiHadid.SharhNahjBalagha.Shia002185Vols-ara1.completed,كسني يوسف,2
0656IbnAbiHadid.SharhNahjBalagha.Shia002185Vols-ara1.completed,All phrases,2
0662RashidAttar.GhurarFawaid.Shia002206-ara1,اشتد الغلا,1
0762IbnYusufZaylaci.TakhrijAhadith.Shia002218Vols-ara1,لحوم الكلاب,1
0762IbnYusufZaylaci.TakhrijAhadith.Shia002218Vols-ara1,كسني يوسف,4
0762IbnYusufZaylaci.TakhrijAhadith.Shia002218Vols-ara1,All phrases,4
0852IbnHajarCasqalani.DirayaFiTakhrijAhadithHidaya.Shia002240Vols-ara1,لحوم الكلاب,1
0975MuttaqiHindi.KanzCummal.Shia002265Vols-ara1,لحوم الكلاب,2
0975MuttaqiHindi.KanzCummal.Shia002265Vols-ara1,كسني يوسف,2
0975MuttaqiHindi.KanzCummal.Shia002265Vols-ara1,All phrases,2
0260ImamCaskari.Tafsir.Shia002334-ara1,حتي اكلوا الكلاب,1
0260ImamCaskari.Tafsir.Shia002334-ara1,كسني يوسف,1
0260ImamCaskari.Tafsir.Shia002334-ara1,All phrases,1
0460ShaykhTusi.Tibyan.Shia002341Vols-ara1,كسني يوسف,2
0460ShaykhTusi.Tibyan.Shia002341Vols-ara1,All phrases,2
0548IbnHasanTabarsi.TafsirJawamicJamic.Shia002356Vols-ara1,كسني يوسف,3
0548IbnHasanTabarsi.TafsirJawamicJamic.Shia002356Vols-ara1,All phrases,3
0548IbnHasanTabarsi.TafsirMajmacBayan.Shia002359Vols-ara1,كسني يوسف,5
0548IbnHasanTabarsi.TafsirMajmacBayan.Shia002359Vols-ara1,All phrases,5
0671AbuCabdAllahQurtubi.JamicLiAhkamQuran.Shia002616Vols-ara1,لحوم الكلاب,1
0671AbuCabdAllahQurtubi.JamicLiAhkamQuran.Shia002616Vols-ara1,كسني يوسف,7
0671AbuCabdAllahQurtubi.JamicLiAhkamQuran.Shia002616Vols-ara1,All phrases,7
0370IbnCaliJassas.FusulFiUsul.Shia002901Vols-ara1,لحوم الكلاب,2
0370IbnCaliJassas.FusulFiUsul.Shia002901Vols-ara1,كسني يوسف,2
0370IbnCaliJassas.FusulFiUsul.Shia002901Vols-ara1,All phrases,2
0476AbuIshaqShirazi.LumacFiUsulFiqh.Shia002913-ara1,لحوم الكلاب,1
0262CumarIbnShabba.TarikhMadina.Shia003461Vols-ara1.completed,لحوم الكلاب,1
0845Maqrizi.ImtacAsmac.Shia003616Vols-ara1,كسني يوسف,15
0845Maqrizi.ImtacAsmac.Shia003616Vols-ara1,All phrases,15
0664IbnTawus.LuhufFiQatlaTufuf.Shia003705-ara1,كسني يوسف,1
0664IbnTawus.LuhufFiQatlaTufuf.Shia003705-ara1,All phrases,1
0734IbnSayyidNas.CuyunAthar.Shia003714Vols-ara1,كسني يوسف,1
0734IbnSayyidNas.CuyunAthar.Shia003714Vols-ara1,All phrases,1
0942IbnYusufShami.SubulHuda.Shia003732Vols-ara1,لحوم الكلاب,2
0942IbnYusufShami.SubulHuda.Shia003732Vols-ara1,كسني يوسف,1
0942IbnYusufShami.SubulHuda.Shia003732Vols-ara1,All phrases,1
0965SharafDinAstarabadiHusayni.TawilAyat.Shia003744Vols-ara1,كسني يوسف,1
0965SharafDinAstarabadiHusayni.TawilAyat.Shia003744Vols-ara1,All phrases,1
0606IbnAthirMajdDin.NihayaFiGharib.Shia003923Vols-ara1,كسني يوسف,2
0606IbnAthirMajdDin.NihayaFiGharib.Shia003923Vols-ara1,All phrases,2
0769IbnCaqilBahaDinMisri.SharhCalaAlfiyya.Shia003954Vols-ara1,كسني يوسف,1
0769IbnCaqilBahaDinMisri.SharhCalaAlfiyya.Shia003954Vols-ara1,All phrases,1
0792IbnCumarTaftazani.SharhMaqasid.Shia004501Vols-ara1,كسني يوسف,1
0792IbnCumarTaftazani.SharhMaqasid.Shia004501Vols-ara1,All phrases,1
0320Israili.AghdhiyaWaAdwiya.Shia004668-ara1,لحوم الكلاب,1
0756IbnYusufSaminHalabi.DurrMasun.Tafsir02079-ara1,كسني يوسف,1
0756IbnYusufSaminHalabi.DurrMasun.Tafsir02079-ara1,All phrases,1
0360Tabarani.TafsirKabir.Tafsir02091-ara1,حتي اكلوا الجيف والعظام والكلاب,1
0360Tabarani.TafsirKabir.Tafsir02091-ara1,كسني يوسف,4
0360Tabarani.TafsirKabir.Tafsir02091-ara1,All phrases,4
0303Nasai.Tafsir.Tafsir02100-ara1,كسني يوسف,1
0303Nasai.Tafsir.Tafsir02100-ara1,All phrases,1
0437IbnHammushQayruwani.Hidaya.Tafsir03092-ara1,لحوم الكلاب,1
0437IbnHammushQayruwani.Hidaya.Tafsir03092-ara1,كسني يوسف,3
0437IbnHammushQayruwani.Hidaya.Tafsir03092-ara1,All phrases,3
0850Acqam.Tafsir.Tafsir05047-ara1,كسني يوسف,4
0850Acqam.Tafsir.Tafsir05047-ara1,All phrases,4
0250HudHawari.Tafsir.Tafsir06048-ara1,كسني يوسف,1
0250HudHawari.Tafsir.Tafsir06048-ara1,All phrases,1
0745AbuHayyanGharnati.TafsirNahrMadd.Tafsir08090-ara1,كسني يوسف,2
0745AbuHayyanGharnati.TafsirNahrMadd.Tafsir08090-ara1,All phrases,2
0810IbnHadi.JawharShaffaf.Zaydiyya0000062-ara1,حتي اكلوا الكلاب,1
0810IbnHadi.JawharShaffaf.Zaydiyya0000062-ara1,حتي اكلوا الكلاب والجيف,1
0810IbnHadi.JawharShaffaf.Zaydiyya0000062-ara1,حتي اكلوا الكلاب والجيف,1
0810IbnHadi.JawharShaffaf.Zaydiyya0000062-ara1,كسني يوسف,2
0810IbnHadi.JawharShaffaf.Zaydiyya0000062-ara1,All phrases,3
0614MansurCabdAllah.SharhRisalaNasiha.Zaydiyya0000144-ara1,كسني يوسف,1
0614MansurCabdAllah.SharhRisalaNasiha.Zaydiyya0000144-ara1,All phrases,1
0749MuayyadYahya.Intisar.Zaydiyya0000162-ara1,لحوم الكلاب,4
0749MuayyadYahya.Intisar.Zaydiyya0000162-ara1,كسني يوسف,2
0749MuayyadYahya.Intisar.Zaydiyya0000162-ara1,All phrases,2
0411MuayyadAhmad.Tajrid.Zaydiyya0000267-ara1,لحوم الكلاب,1
0836FaqihYusuf.ThamaratYanica.Zaydiyya0000274-ara1,كسني يوسف,5
0836FaqihYusuf.ThamaratYanica.Zaydiyya0000274-ara1,All phrases,5
0424AbuTalibYahyaHaruni.TaysirMatalib.Zaydiyya0000352-ara1,كسني يوسف,1
0424AbuTalibYahyaHaruni.TaysirMatalib.Zaydiyya0000352-ara1,All phrases,1
0728IbnMutahharZaydi.CuqudCiqyan.Zaydiyya0000373Vols-ara1,كسني يوسف,2
0728IbnMutahharZaydi.CuqudCiqyan.Zaydiyya0000373Vols-ara1,All phrases,2
