cluster,size,id,text,from_input,book
60129756310,3,Shamela0004445-ara1.completed.ms6329,الغلاء والفناء بمصر حتي قيل انه بيع الفروج بالاسكندرية بستة وثلاثين درهما وبالقاهرة بتسعة عشر والبيض كل ثلاثة بدرهم وافنيت الحمر والخيل والبغال والكلاب من اكل الناس لها ولم يبق شء من هذه الحيوانات يلوح ,True,0774IbnKathir.Bidaya
60129756310,3,ShamAY0033840-ara1.ms550,الغلاء بديار مصر حتي قيل انه ابيع الفروج بالاسكندرية بستة وثلاثين درهما وبالقاهرة بتسعة عشر درهما والبيض كل ثلاثة بدرهم وافنيت الحمر والخيل والبغال والكلاب ولم يبق شء من هذه الحيوانات ,True,0855BadrDinCayni.CiqdJuman
60129756310,3,Shamela0003283-ara1.completed.ms616,وبيع الفروج بالاسكندرية بستة وثلاثين درهما نقرة وبالقاهرة بتسعة عشر والبيض كل ثلاثة بدرهم وفنيت الحمر والخيل والبغال والكلاب ولم يبق شء من هذه الحيوانات يلوح ,True,0911Suyuti.HusnMuhadara
60129756461,3,Shamela0012396-ara1.completed.ms1237,المقسم الف درهم ثم دخلت سنة احدي وثمانين وماءتين شخوص المعتضد الي الجبل وخروجه الثاني الي الموصل وفيها شخص المعتضد الي الجبل فعقد ناحية الدينور وقلد ابنه ابا محمد علي بن المعتضد الري وقزوين وزنجان وابهر وقم والدينور وقلد كتبه احمد بن ابي الاصبغ ونفقات عسكره وقلد عمر بن عبد العزيز بن ابي دلف اصبهان ونهاوند والكرج وتعجل الانصراف من اجل غلاء السعر وفيها خرج المعتضد الخرجة الثانية الي الموصل قاصدا حمدان بن حمدون ذلك انه بلغه انه ماءل الي هارون الشاري داع له ,False,0421Miskawayh.Tajarib
60129756461,3,JK000911-ara1.mARkdown.ms2565,الفقيه الحنفي بمصر ثم دخلت سنة احدي وثمانين وماءتين ذكر مسير المعتضد الي ماردين وملكه اياها وفيها خرج المعتضد الخرجة الثانية الي الموصل قاصدا لحمدان بن حمدون لانه بلغه ان حمدان مال الي هارون الشاري ودعا له فلما بلغ الاعراب الاكراد مسير المعتضد تحالفوا انهم يقتلون علي دم واحد واجتمعوا وعبوا عسكرهم وسار المعتضد اليهم في خيله جريدة ,False,0630IbnAthirCizzDin.Kamil
60129756461,3,Shamela0000758-ara1.completed.ms377,سنة احدي وثمانين وماءتين ان المعتضد خرج الخرجة الثانية الي الموصل قاصدا لحمدان بن حمدون لما بلغه ميله الي هارون الشاري وانه دعا له فلما بلغ الاعراب و الاكراد مسير المعتضد تحالفوا علي انهم يقتلون علي دم واحد واجتمعوا واعتدوا فسار المعتضد اليهم في خيله جريدة ,False,0684IbnShaddad.AclaqKhatira
60129758446,4,JK000911-ara1.mARkdown.ms0799,من الديباج الذي فيه الذهب وتاجه وكان مكللا بالياقوت وحلته ليراه عمر والمسلمون فطلبوا عمر فلم يجدوه فسالوا عنه فقيل جلس في المسجد لوفد من الكوفة فوجدوه في المسجد متوسدا برنسه وكان قد لبسه للوفد فلما قاموا عنه توسده ونام فجلسوا دونه وهو ناءم والدرة في يده فقال الهرمزان اين عمر قالوا هو ذا فقال اين حرسه وحجابه قالوا ليس له حارس ولا حاجب ولا كاتب قال فينبغي ان يكون نبيا قالوا بل يعمل بعمل الانبياء فاستيقظ عمر بجلبة الناس فاستوي جالسا ثم نظر الي الهرمزان فقال الهرمزان قالوا نعم فتامله وتامل ما عليه وقال اعوذ بالله من النار واستعين بالله فقال الحمد لله الذي اذل بالاسلام هذا وغيره اشباهه فامر بنزع ما عليه فنزعوه والبسوه ثوبا صفيقا فقال له عمر هيه يا هرمزان كيف رايت عاقبة الغدر وعاقبة امر الله فقال يا عمر انا واياكم في الجاهلية كان الله قد خلي بيننا وبينكم فغلبناكم اذ لم يكن معنا ولا معكم فلما كان الان معكم غلبتمونا فقال عمر انما غلبتمونا في الجاهلية باجتماعكم وتفرقنا ثم قال له ما حجتك وما عذرك في انتقاضك مرة بعد اخري فقال اخاف ان تقتلني قبل ان اخبرك قال لا تخف ذلك واستسقي ماء فاتي به في قدح غليظ فقال لو مت عطشا لم استطع ان اشرب في مثل هذا فاتي به في اناء يرضاه فجعلت يده ترتجف فقال اني اخاف ان اقتل وانا اشرب فقال عمر لا باس عليك حتي تشربه فاكفاه فقال عمر ,False,0630IbnAthirCizzDin.Kamil
60129758446,4,Shamela0012715-ara1.mARkdown.ms0219,من الديباج المذهب ووضعوا علي راسه تاجه وهو مكلل بالياقوت ليراه عمر والمسلمون فطلبوا عمر فلم يجدوه فسالوا عنه فقيل جالس في المسجد فاتوه وهو ناءم فجلسوا دونه فقال الهرمزان اين هو عمر قالوا هوذا قال فاين حرسه وحجابه قالوا ليس له حارس ولا حاجب واستيقظ عمر علي جلبة الناس فنظر الي الهرمزان وقال الحمد لله الذي اذل بالاسلام هذا واشباهه وامر بنزع ما عليه فنزعوه والبسوه ثوبا ضيقا فقال له عمر كيف رايت عاقبة الغدر وعاقبة امر الله فقال الهرمزان نحن واياكم في الجاهلية لما خلي الله بيننا وبينكم غلبناكم ولما كان الله الان معكم غلبتمونا ودار بينهما الكلام وطلب الهرمزان ماء فاتي به فقال اخاف ان تقتلني ولنا اشرب فقال عمر لا باس عليك حتي تشرب فرمي بالاناء فانكسر فقصد عمر قتله فقالت الصحابة انك امنته بقولك لا باس عليك الي ان تشرب ولم يشرب ذلك الماء واخر الامر ان الهرمزان اسلم وفرض له عمر الفين ,False,0732AbuFida.MukhtasarFiAkhbar
60129758446,4,Shamela0010283-ara1.mARkdown.ms4111,كان مكللا بالياقوت و عليه حليته ليراه عمر والمسلمون فوجدوا عمر في المسجد متوسدا برنسه وكان قد لبسه لوفد قدم عليه من الكوفة فلما انصرفوا توسده ونام فجلسوا وهو ناءم والدرة في يده فقال الهرمزان اين عمر فقالوا هو ذا فقال اين حرسه وحجابه فقالوا ليس له حارس ولا حاجب ولا كاتب فقال ينبغي ان يكون نبيا قالوا بل يعمل بعمل الانبياء وكثر الناس فاستيقظ عمر واستوي جالسا ثم نظر اليه وقال الهرمزان قالوا نعم فقال الحمد لله الذي اذل بالاسلام هذا واشباهه فامر بنزع ما عليه فنزعوه والبسوه ثوبا صفيقا فقال له عمر كيف رايت عاقبة الغدر وعاقبة امر الله فقال يا عمر انا واياكم في الجاهلية كان الله قد خلي بيننا وبينكم فغلبناكم فلما كان الامر معكم غلبتمونا ثم قال له عمر ما حجتك وما عذرك في انتقاضك مرة بعد اخري قال اخاف ان تقتلني قبل ان اخبرك قال لا تخف ذلك واستسقي ماء فاتي به في قدح غليظ فقال لو مت عطشا لم استطع ان اشرب في مثل هذا فاتي به في اناء يرضاه فقال اني اخاف ان اقتل وانا اشرب فقال له عمر لا باس عليك حتي تشربه فاكفاه فقال عمر ,False,0733Nuwayri.NihayatArab
60129758446,4,Kraken210630005153-ara1.ms8350,ووضعوا علي راسه تاجه وهو مكلل بالياقوت ليراه عمر والمسلمون فطلبوا عمر فلم يجدوه فسالوا عنه فقيل جالس في المسجد فاتوه وهو ناءم فجلسوا دونه فقال الهرمزان اين هو عمر قيل هو ذا قال فاين حرسه وحجابه قالوا ليس له حارس ولا حاجب واستيقظ عمر ونظر الي الهرمزان وقال الحمد لله الذي اذل بالاسلام هذا واشياعه وامر بنزع ما عليه فنزعوه والبسوه ثوبا ضعيفا فقال له عمر كيف كان عاقبة امر الله فقال الهرمزان نحن واياكم في الجاهلية لما خلا الله بيننا وبينكم غلبناكم ولما كان الله الان معكم غلبتمونا ودار بينهما الكلام فطلب الهرمزان ماء فاتي به فقال اخاف ان تقتلني وانا اشرب فقال عمر لا باس عليك حتي تشرب فرمي الاناء فانكسر فقصد عمر قتله فقال الصحابة انك امنته بقولك لا باس عليك الي ان تشرب ولم يشرب واخر الامر ان الهرمزان اسلم وفرض له عمر الفين ,False,0749IbnFadlAllahCumari.MasalikAbsar
60129758447,3,Shamela0012715-ara1.mARkdown.ms0219,في الجاهلية لما خلي الله بيننا وبينكم غلبناكم ولما كان الله الان معكم غلبتمونا ودار بينهما الكلام وطلب الهرمزان ماء فاتي به فقال اخاف ان تقتلني ولنا اشرب فقال عمر لا باس عليك حتي تشرب فرمي بالاناء فانكسر فقصد عمر قتله فقالت الصحابة انك امنته بقولك لا باس عليك الي ان تشرب ولم يشرب ذلك الماء واخر الامر ان الهرمزان اسلم وفرض له عمر الفين ثم دخلت سنة ,True,0732AbuFida.MukhtasarFiAkhbar
60129758447,3,Kraken210630005153-ara1.ms8350,في الجاهلية لما خلا الله بيننا وبينكم غلبناكم ولما كان الله الان معكم غلبتمونا ودار بينهما الكلام فطلب الهرمزان ماء فاتي به فقال اخاف ان تقتلني وانا اشرب فقال عمر لا باس عليك حتي تشرب فرمي الاناء فانكسر فقصد عمر قتله فقال الصحابة انك امنته بقولك لا باس عليك الي ان تشرب ولم يشرب واخر الامر ان الهرمزان اسلم وفرض له عمر الفين سنة ثمان عشرة فيها حصل في المدينة والحجاز قحط عظيم فكتب الي ساءر الامصار يستعينهم فكان ممن قدم عليه ابو عبيدة من الشام باربعة الاف راحلة من الزاد فقسم عمر ذلك علي المسلمين حتي رخص الطعام بالمدينة ولما اشتد القحط ,True,0749IbnFadlAllahCumari.MasalikAbsar
60129758447,3,Shamela0006624-ara1.ms173,في الجاهلية لما خلي الله بيني وبينكم غلبناكم ولما كان الله الان معكم غلبتمونا وطلب ماء فاتي به وقال اخاف ان يقتلني وانا اشرب فقال عمر لا باس عليك حتي تشرب فرمي الاناء فانكسر فقصد عمر قتله فقالت الصحابة انك امنته بقولك لا باس عليك الي ان تشرب ولم يشرب ذلك الماء ثم اسلم وفرض له الفين ثم دخلت سنة ثماني عشرة فيها امحل الحجاز فاستعان عمر الامصار فكان ممن قدم عليه ابو عبيدة باربعة الاف راحلة زادا فقسم عمر حتي ارخصت المدينة ولما اشتد القحط ,True,0749ZaynDinIbnWardi.Tarikh
60129758449,2,Shamela0012715-ara1.mARkdown.ms0220,ثماني عشرة فيها حصل في المدينة والحجاز قحط عظيم فكتب عمر الي ساءر الامصار يستعينهم فكان ممن قدم عليه ابو عبيدة من الشام باربعة الاف راحلة من الزاد وقسم عمر ذلك علي المسلمين حتي رخص الطعام بالمدينة ولما اشتد القحط خرج عمر ومعه العباس وجمع ,True,0732AbuFida.MukhtasarFiAkhbar
60129758449,2,Kraken210630005153-ara1.ms8350,ثمان عشرة فيها حصل في المدينة والحجاز قحط عظيم فكتب الي ساءر الامصار يستعينهم فكان ممن قدم عليه ابو عبيدة من الشام باربعة الاف راحلة من الزاد فقسم عمر ذلك علي المسلمين حتي رخص الطعام بالمدينة ولما اشتد القحط خرج عمر ومعه العباس وجمع ,True,0749IbnFadlAllahCumari.MasalikAbsar
60129758450,2,Kraken210630005153-ara1.ms8350,قال فاين حرسه وحجابه قالوا ليس له حارس ولا حاجب واستيقظ عمر ونظر الي الهرمزان وقال الحمد لله الذي اذل بالاسلام هذا واشياعه وامر بنزع ما عليه فنزعوه والبسوه ثوبا ضعيفا فقال له عمر كيف كان عاقبة امر الله فقال الهرمزان نحن واياكم في الجاهلية لما خلا الله بيننا وبينكم غلبناكم ولما كان الله الان معكم غلبتمونا ودار بينهما الكلام فطلب الهرمزان ماء فاتي به فقال اخاف ان تقتلني وانا اشرب فقال عمر لا باس عليك حتي تشرب فرمي الاناء فانكسر فقصد عمر قتله فقال الصحابة انك امنته بقولك لا باس عليك الي ان تشرب ولم يشرب واخر الامر ان الهرمزان اسلم وفرض له عمر الفين ,False,0749IbnFadlAllahCumari.MasalikAbsar
60129758450,2,Shamela0000552-ara1.ms023,سال اين حرسه وحجابه قالوا ليس له حارس ولا حاجب ولا كاتب ولا ديوان فقال ينبغي له ان يكون نبيا ثم اسلم وفرض له عمر الفين ,False,1369MuhammadRida.Cuthman
68719484815,2,Shamela0023632-ara1.completed.ms3585,لا يقولون ان شاء الله بل عزموا علي ذلك عزم من يملك امره والطاءف الامر الذي ياتي بالليل ذكر هذا التخصيص الفراء ويرده قوله تعالي اذا مسهم طاءف من الشيطان الاعراف والصريم قال الفراء ومنذر وجماعة اراد به الليل من حيث اسودت جنتهم وقال اخرون اراد به الصبح من حيث ابيضت كالحصيد قاله سفيان الثوري والصريم يقال لليل والنهار من حيث كل واحد منهما ينصرم من صاحبه وقال ابن عباس الصريم الرماد الاسود بلغة جذيمة وقال ابن عباس ايضا وغيره الصريم رملة باليمن معروفة لا تنبت فشبه جنتهم بها قوله عز وجل سورة القلم الايات الي فتنادوا مصبحين ان اغدوا علي حرثكم ان كنتم صارمين فانطلقوا وهم يتخافتون ان لا يدخلنها اليوم عليكم مسكين ,False,0541IbnCatiyyaAndalusi.MuharrarWajiz
68719484815,2,Shamela0022769-ara1.ms1645,لا يقولون ان شاء الله او ولا يستثنون حصة المساكين كما كان يفعله ابوهم فطاف عليها طاءف من ربك وهم ناءمون اي فطرقها في الليل طارق من عذاب الله قال الكلبي ارسل الله عليها نارا من السماء فاحترقت وهم ناءمون فاصبحت كالصريم اي فصارت البساتين بالاحتراق شبيهة بالبستان الذي صرمت ثماره بحيث لم يبق منها شء او صارت كالليل في اسودادها او كالنهار في ابيضاضها من فرط اليبس فتنادوا مصبحين ان اغدوا علي حرثكم ان كنتم صارمين اي فنادي بعضهم بعضا عند طلوع الفجر اي اذهبوا الي الثمار والزروع والاعناب فاصرموها ان كنتم قاصدين للصرم ولا تخبروا المساكين فانطلقوا الي البساتين وهم يتخافتون اي والحال انهم يتسارون فيما بينهم كلاما خفيا ان لا يدخلنها اليوم عليكم مسكين ,False,1316IbnCumarBantaniJawi.MarahLabid
68719484819,2,Shamela0023632-ara1.completed.ms3585,اذا دخلوا في الصباح وقوله تعالي ولا يستثنون ولا يتوقفون في ذلك او ولا ينثنون عن راي منع المساكين وقال مجاهد معناه لا يقولون ان شاء الله بل عزموا علي ذلك عزم من يملك امره والطاءف الامر الذي ياتي بالليل ذكر هذا التخصيص الفراء ويرده قوله تعالي اذا مسهم طاءف من الشيطان ,False,0541IbnCatiyyaAndalusi.MuharrarWajiz
68719484819,2,Shamela0023591-ara1.completed.ms6618,اذا دخلوا في الصباح قبل خروج المساكين الي عادتهم مع ابيهم ولا يستثنون اي ولا ينثنون عن ما عزموا عليه من منع المساكين وقال مجاهد معناه لا يقولون ان شاء الله بل عزموا علي ذلك عزم من يملك امره وقال الزمخشري متبعا قول مجاهد ولا يقولون ان شاء الله فان قلت لم سمي استثناء وانما هو شرط قلت لانه يءدي مءدي الاستثناء من حيث ان معني قولك لاخرجن ان شاء الله ولا اخرج الا ان يشاء الله واحد انتهي فطاف عليها طاءف قرا النخعي طيف قال الفراء والطاءف الامر الذي ياتي بالليل ورد عليه بقوله اذا مسهم طاءف من الشيطان ,False,0745AbuHayyanGharnati.TafsirBahrMuhit
68719511543,3,Shia002359Vols-ara1.ms4010,الله وكرامته وما ينطق عن الهوي اي وليس ينطق بالهوي وهكذا كما يقال رميت بالقوس وعن القوس وقيل معناه ولا يتكلم بالقران وما يءديه اليكم عن الهوي الذي هو ميل الطبع ان هو الا وحي يوحي اي ما القران وما ينطق به من الاحكام الا وحي من الله يوحي اليه اي ياتيه به جبراءيل وهو قوله علمه ,False,0548IbnHasanTabarsi.TafsirMajmacBayan
68719511543,3,Shamela0023635-ara1.ms8503,تعالي وما ينطق عن الهوي النجم في ضمنه النطق وهو كلام وقول فكانه تعالي يقول وما كلامه وهو نطقه الا وحي وفيه وجه اخر ابعد وادق وهو ان يقال قوله تعالي ما ضل صاحبكم قد ذكر ان المراد منه في وجه انه ما جن وما مسه الجن فليس بكاهن وقوله وما غوي اي ليس بينه وبين الغواية تعلق فليس بشاعر فان الشعراء يتبعهم الغاوون وحينءذ يكون قوله وما ينطق عن الهوي ردا عليهم حيث قالوا قوله قول كاهن وقالوا قوله قول شاعر فقال ما قوله الا وحي وليس بقول كاهن ولا شاعر ,False,0606FakhrDinRazi.MafatihGhayb
68719511543,3,Shamela0022769-ara1.ms1532,الله تعالي وما ينطق عن الهوي اي ولم يتكلم بالقران عن هوي نفسه وعن رايه اصلا ان هو الا وحي يوحي اي ما القران الا وحي من الله يوحي اي يجدد ايحاءه اليه صلي الله عليه وسلم وقتا بعد وقت ويقال في معني هذه الاية ما جن محمد وما مسه الجن فليس بكاهن وليس بينه وبين الغواية تعلق فليس بشاعر وما قوله الا وحي وليس بقول كاهن ولا شاعر ,False,1316IbnCumarBantaniJawi.MarahLabid
68719511973,2,Shia002616Vols-ara1.ms6213,ما عند الله خير من اللهو ومن التجارة فيه وجهان احدهما ما عند الله من ثواب صلاتكم خير من لذة لهوكم وفاءدة تجارتكم الثاني ما عند الله من رزقكم الذي قسمه لكم خير مما اصبتموه من لهوكم وتجارتكم وقرا ابو رجاء العطاردي قل ما عند الله خير من اللهو ومن التجارة للذين امنوا والله خير الرازقين اي خير من رزق واعطي فمنه فاطلبوا واستعينوا بطاعته علي نيل ما عنده من خيري الدنيا والاخرة سورة المنافقون مدنية في قول الجميع وهي احدي عشرة اية بسم الله الرحمن الرحيم اذا جاءك المنفقون قالوا نشهد انك لرسول الله والله يعلم انك لرسوله والله يشهد ان المنفقين لكاذبون قوله تعالي اذا جاءك المنافقون قالوا نشهد انك لرسول الله روي البخاري عن زيد بن ارقم قال كنت مع عمي فسمعت عبد الله بن ابي بن سلول يقول لا تنفقوا علي من عند رسول الله حتي ينفضوا وقال لءن رجعنا الي المدينة ليخرجن الاعز ,False,0671AbuCabdAllahQurtubi.JamicLiAhkamQuran
68719511973,2,Shamela0022769-ara1.ms1616,ما عند الله خير من اللهو ومن التجارة اي ما عند الله من ثواب الثبات مع النبي صلي الله عليه وسلم خير من لذة لهوكم وفاءدة تجارتكم والله خير الرازقين اي افضل المعطلين فمنه اطلبوا الرزق سورة المنافقون مدنية احدي عشرة اية ماءة وثمانون كلمة سبعماءة وستة وسبعون حرفا اذا جاءك المنافقون اي اذا حضر مجلسك منافقو اهل المدينة عبد الله بن ابي ومعتب بن قشير وجد بن قيس وكانوا بني عم قالوا نشهد انك لرسول الله وقولهم نشهد نفي للنفاق عن انفسهم روي زيد بن ارقم قال كنت مع عمي فسمعت عبد الله بن ابي ابن سلول يقول لا تنفقوا علي من عند رسول الله حتي ينفضوا وقال لءن رجعنا الي المدينة ليخرجن الاعز ,False,1316IbnCumarBantaniJawi.MarahLabid
68719517327,3,Shamela0001686-ara1.completed.ms0989,عمر قال كان عمر بن الخطاب احدث في زمان الرمادة امرا ما كان يفعله لقد كان يصلي بالناس العشاء ثم يخرج حتي يدخل بيته فلا يزال يصلي حتي يكون اخر الليل ثم يخرج حتي يدخل بيته فلا يزال يصلي حتي يكون اخر الليل ثم يخرج فياتي الانقاب فيطوف عليها واني لاسمعه ليلة في السحر وهو يقول اللهم لا تجعل هلاك امة محمد علي يدي قال اخبرنا محمد بن عمر قال حدثني عبد الله بن يزيد ,False,0230IbnSacd.TabaqatKubra
68719517327,3,Shamela0009773-ara1.mARkdown.ms2852,عمر قال احدث عمر في زمان الرمادة امرا ما كان يفعله قبل كان يصلي بالناس العشاء ثم يدخل الي بيته فلا يزال يصلي الي اخر الليل ثم يخرج فياتي الانقاب فيطوف عليها واني لاسمعه ليلة ,False,0279Baladhuri.AnsabAshraf
68719517327,3,Sham19Y0127677-ara1.ms16863,عمر قال كان عمر بن الخطاب احدث في زمان الرمادة امرا ما كان يفعله لقد كان يصلي بالناس العشاء ثم يخرج حتي يدخل بيته فلا يزال يصلي حتي يكون اخر الليل ثم يخرج فياتي الانقاب فيطوف عليها واني لاسمعه ليلة في السحر وهو يقول اللهم لا تجعل هلاك امة محمد علي يدي الاثر في كنز العمال وقاءع عام الرمادة ج ص رقم بلفظ المصنف وجاء الاثر مطولا في الطبقات الكبري لابن سعد ذكر استخلاف عمر بن الخطاب ج ص بلفظ اخبرنا محمد بن عمر قال حدثني عبد الله بن زيد ,False,0911Suyuti.JamicKabir
68719518948,3,JK006476-ara1.ms1100,الست تزعم انك بعثت رحمة للعالمين قال نعم فقال له قتلت الاباء بالسيف واهلكت الابناء بالجوع فادع لنا يكشف عنا هذا القحط فدعا فكشف عنهم ,False,0489IbnMuhammadSamcani.TafsirQuran
68719518948,3,ShamAY0034059-ara1.ms4062,الست تزعم انك بعثت رحمة للعالمين فقال بلي فقال قتلت الاباء بالسيف والابناء بالجوع فادع ان يكشف عنا هذا القحط فدعا فكشف عنهم ,False,1127IsmacilHaqqiBurusawi.RuhBayan
68719518948,3,ShamAY0034059-ara1.ms4063,الست تزعم انك بعثت رحمة للعالمين فقال بلي فقال قتلت الاباء بالسيف والابناء بالجوع فادع ان يكشف عنا هذا القحط فدعا فكشف عنهم ,False,1127IsmacilHaqqiBurusawi.RuhBayan
68719519286,3,Shia002337Vols-ara1.ms715,علي بن ابراهيم في قوله فاذا قضيت الصلاة فانتشروا في الارض قال يوم السبت قوله واذا راوا تجارة او لهوا انفضوا اليها قال كان رسول الله صلي الله عليه واله يصلي بالناس يوم الجمعة ودخلت ميرة وبين يديها قوم يضربون بالدفوف والملاهي فترك الناس الصلاة ومروا ينظرون اليهم فانزل الله واذا راوا تجارة او لهوا انفضوا اليها وتركوك قاءما قل ما عند الله خير من اللهو ومن التجارة والله خير الرازقين اخبرنا احمد بن ادريس قال حدثنا محمد بن احمد احمد بن محمد ط عن الحسين بن سعيد عن صفوان عن ابن مسكان عن ابي بصير انه سءل عن الجمعة كيف يخطب الامام قال يخطب قاءما فان الله يقول وتركوك قاءما وعنه عن احمد بن محمد عن علي بن الحكم عن ابي ايوب عن ابن ابي يعفور عن ابي عبد الله عليه السلام قال نزلت واذا راوا تجارة ,False,0329IbnIbrahimQummi.Tafsir
68719519286,3,Shia001432Vols-ara1.msA08973,علي بن ابراهيم قوله تعالي فتمنوا الموت ان كنتم صادقي قال في التوراة مكتوب اولياء الله تمنون الموت قوله تعالي واذا راوا تجارة الاية قال كان رسول الله صلي الله عليه واله يصلي بالناس يوم الجمعة ودخلت ميرة وبين يديها قوم يضربون بالدفوف والملاهي فترك الناس الصلاة ومروا ينظرون اليهم فانزل الله و اذا راو تجارة او لهوا انفضوا اليها وتركوك قاءما احمد بن ادريس عن احمد بن محمد عن علي بن الحكم عن ابي ايوب عن ابن ابي يعفور عن ابي عبد الله عليه السلام قال نزلت واذا راوا تجارة ,False,1111Majlisi.BiharAnwar
68719519286,3,Shia002389Vols-ara1.ms2963,واذا راوا تجارة او لهوا انفضوا اليها قال كان رسول الله صلي الله عليه واله يصلي بالناس يوم الجمعة و دخلت ميرة وبين يديها قوم يضربون بالدفوف والملاهي فترك الناس الصلاة ومروا ينظرون اليهم فانزل الله واذا راوا تجارة او لهوا انفضوا اليها الي قوله والله خير الرازقين اخبرنا احمد بن ادريس قال حدثنا احمد بن محمد عن الحسين بن سعيد عن صفوان عن ابن مسكان عن ابي بصير انه سءل عن الجمعة كيف يخطب الامام قال يخطب قاءما فان الله يقول وتركوك قاءما وعنه عن احمد بن محمد عن علي بن الحكم عن ابي ايوب عن ابي يعفور عن ابي عبد الله عليه السلام قال نزلت واذا راوا تجارة ,False,1112IbnJumcaHuwayzi.TafsirNurThaqalayn
68719519289,7,Shia002337Vols-ara1.ms715,اليها قال كان رسول الله صلي الله عليه واله يصلي بالناس يوم الجمعة ودخلت ميرة وبين يديها قوم يضربون بالدفوف والملاهي فترك الناس الصلاة ومروا ينظرون اليهم فانزل الله ,False,0329IbnIbrahimQummi.Tafsir
68719519289,7,Shia002380Vols-ara1.ms0809,كان رسول الله صلي الله عليه واله يصلي بالناس يوم الجمعة ودخلت ميرة وبين يديها قوم يضربون بالدفوف والملاهي فترك الناس الصلاة ومروا ينظرون اليهم فانزل الله سورة ,False,1091MuhammadMuhsinFaydKashani.TafsirAsfa
68719519289,7,Shia002382Vols-ara1.ms1807,القمي قال كان رسول الله صلي الله عليه واله يصلي بالناس يوم الجمعة ودخلت ميرة وبين يديها قوم يضربون بالدفوف والملاهي فترك الناس الصلاة ومروا ينظرون اليهم فانزل الله ,False,1091MuhammadMuhsinFaydKashani.TafsirSafi
68719519289,7,Shia002382Vols-ara1.ms2394,عليه واله يصلي بالناس يوم الجمعة ودخلت ميرة وبين يديها قوم يضربون بالدفوف والملاهي فترك الناس الصلاة ومروا ينظرون اليهم فانزل الله وفي ,False,1091MuhammadMuhsinFaydKashani.TafsirSafi
68719519289,7,Shia001432Vols-ara1.msC29483,قال كان رسول الله صلي الله عليه واله يصلي بالناس يوم الجمعة ودخلت ميرة وبين يديها قوم يضربون بالدفوف والملاهي فترك الناس الصلاة ومروا ينظرون اليهم فانزل الله ,False,1111Majlisi.BiharAnwar
68719519289,7,Shia001432Vols-ara1.msA08973,الاية قال كان رسول الله صلي الله عليه واله يصلي بالناس يوم الجمعة ودخلت ميرة وبين يديها قوم يضربون بالدفوف والملاهي فترك الناس الصلاة ومروا ينظرون اليهم فانزل الله ,False,1111Majlisi.BiharAnwar
68719519289,7,Shia002389Vols-ara1.ms2963,اليها قال كان رسول الله صلي الله عليه واله يصلي بالناس يوم الجمعة و دخلت ميرة وبين يديها قوم يضربون بالدفوف والملاهي فترك الناس الصلاة ومروا ينظرون اليهم فانزل الله ,False,1112IbnJumcaHuwayzi.TafsirNurThaqalayn
68719526921,28,Shamela0023630-ara1.ms115,مجيب الا كباسط كفيه الي الماء ليبلغ فاه مجازه ان الذي يبسط كفه ليقبض علي الماء حتي يءديه الي فيه لا يتم له ذلك ولا تسقه انامله اي تجمعه قال ضابي بن الحارث البرجمي فاني واياكم وشوقا اليكم كقابض ماء لم تسقه انامله يقول ليس في يدي من ذلك شء كما انه ليس في يد القابض علي الماء شء وقال فاصبحت مما كان بيني وبينها من الود مثل القابض الماء باليد ,False,0209MacmarIbnMuthanna.MajazQuran
68719526921,28,Shamela0007798-ara1.inProgress.ms5395,والعرب تضرب لمن سعي فيما لا يدركه مثلا بالقابض علي الماء قال بعضهم البحر الطويل فاني واياكم وشوقا اليكم كقابض ماء لم تسقه انامله يعني بذلك انه ليس في يده من ذلك الا كما في يد القابض علي الماء لان القابض علي الماء لا شء في يده وقال اخر البحر الطويل فاصبحت مما كان بيني وبينها من الود مثل القابض الماء باليد وبنحو ,False,0310Tabari.JamicBayan
68719526921,28,Shamela0023594-ara1.ms0977,وما دعاء الكافرين يقول ما عبادة اهل مكة الا في ضلال يضل عنهم اذا احتاجوا اليه في الاخرة سورة الرعد اية ولله يسجد من في السماوات والارض طوعا وكرها وظلالهم بالغدو والاصال قوله تعالي ولله يسجد من في السماوات والارض من الخلق طوعا ,False,0367AbuLaythSamarqandi.BahrCulum
68719526921,28,Shamela0028100-ara1.ms1174,قوله تعالي والليل وما وسق قال ضابء بن الحارث البرجمي فاني واياكم وشوقا اليكم كقابض ماء لم تسقه انامله يقول ليس في يدي من ذلك شء كما انه ليس في يد القابض علي الماء شء فاذا جلل الليل الجبال والاشجار والبحار والارض فاجتمعت له فقد وسقها والوسق الطرد ,False,0393IbnHammadJawhari.MuntakhabMinSihahJawhari
68719526921,28,Shia003906Vols-ara1.ms1091,ورقاوي ابدلوا من همزة التانيث واوا وفلان بن مورق بالفتح وهو شاذ مثل موحد وسق الوسق مصدر وسقت الشء جمعته وحملته ومنه قوله تعالي والليل وما وسق قال ضابء بن الحارث البرجمي فاني واياكم وشوقا اليكم كقابض ماء لم تسقه انامله يقول ليس في يدي من ذلك شء كما انه ليس في يد القابض علي الماء شء فاذا جلل الليل الجبال والاشجار والبحار والارض فاجتمعت له فقد وسقها والوسق الطرد ,False,0393IbnHammadJawhari.SihahTajLugha
68719526921,28,Shamela0023578-ara1.completed.ms1649,اذا يبسط كفيه الي الماء لا ينفعه ما لم يحفظهما ويروي بهما الماء ولا يبلغ الماء فاه مادام باسط كفيه الي الماء ليقبض علي الماء لان القابض علي الماء لا شء في يده قال ضابء بن الحرث المزني فاني واياكم وشوقا اليكم كقابض ماء لم تسقه انامله وقال الشاعر واصبحت مما كان بيني وبينها من الود مثل القابض الماء باليد وما دعاء الكافرين اصنامهم الا في ضلال يضل عنهم اذا احتاجوا اليه جويبر عن الضحاك عن ابن عباس قال ما دعاء الكافرين ربهم الا في ضلال لان اصواتهم تحجب عن الله تعالي سورة الرعد الايات الي ولله يسجد من في السماوات والارض طوعا وكرها وظلالهم بالغدو والاصال قل من رب السماوات والارض ,False,0427AbuIshaqThaclabi.KashfWaBayan
68719526921,28,JK009396-ara1.ms0731,الي الماء ليقبض عليه فلا يحصل في كفيه شء منه وزعم الفراء ان المراد بالماء ها هنا البءر لانها معدن للماء وان المثل كمن مد يده الي البءر بغير رشاء وشاهده قول الشاعر فان الماء ماء ابي وجدي وبءري ذو حفرت وذو طويت الرعد ولله يسجد من ولله يسجد من في السماوات والارض طوعا وكرها ,False,0450AbuHasanMawardi.NukatWaCuyun
68719526921,28,Shia002341Vols-ara1.ms2351,الا كباسط كفيه الي الماء معناه قال مجاهد كباسط كفه الي الماء مشيرا اليه من غير تناول الاناء ليبلغ فاه ببسط كفه ودعاءه له وقال الحسن معناه كباسط كفيه الي الماء فمات قبل ان يصل اليه والعرب تضربه مثلا لمن سعي فيما لا يدركه كالقابض علي الماء قال الشاعر فاني واياكم وشوقا اليكم كقابض ماء لم تسقه انامله وقال الاخر فاصبحت مما كان بيني وبينها من الود مثل القابض الماء باليد وما هو ببالغه اخبار منه تعالي ان من كان كذلك لا يبلغ الماء فاه ثم اخبر تعالي فقال وما دعاء الكافرين الا في ضلال اي ليس دعاءهم الاوثان من دون الله الا الاضلال عن الحق وعدولا عن ,False,0460ShaykhTusi.Tibyan
68719526921,28,Sham19Y0013231-ara1.ms2441,الا كباسط كفيه الي الماء وهذا الوجه كالاول الا ان في الوجه الاول شبهوا بمن يدعو الماء البعيد الي نفسه والماء لا يستجيب وفي الوجه الثاني شبهوا بمن يمد يده الي الماء البعيد ليناله من غير الة الوجه الثالث هو مذهب ابي عبيد وابن قتيبة وهو ان العرب يضربون المثل لمن سعي فيما لا يدركه وتعاطي ما لا يجد منه شيءا بالقابض علي الماء وذلك ان القابض علي الماء لا يحصل في يده منه شء المعني لا يصير في ايديهم اذا دعوهم الا ما يصير في يدي من قبض علي الماء ليبلغ فاه وانشد ابو عبيدة قول ضابء البرجمي فاني واياكم وشوقا اليكم كقابض ماء تستقيه انامله قال ابو عبيدة تسقه تجبه وقال ابن الانباري يجمعه ويسقه يحمله وانشد ايضا فاصبحت مما كان بيني وبينها من الود مثل القابض الماء باليد قال ابن قتيبة وهذا من الاختصار لان التقدير الا كباسط كفيه الي الماء ليقبض عليه او قابضا عليه ليبلغ فاه وقوله تعالي وما هو ببالغه وما دعاء الكافرين الا في ضلال ,False,0468IbnAhmadWahidiNaysaburi.TafsirBasit
68719526921,28,Shamela0000041-ara1.completed.ms1345,اذا بسط كفيه في الماء لا ينفعه ذلك ما لم يغرف بهما الماء ولا يبلغ الماء فاه ما دام باسطا كفيه وهو مثل ضربه لخيبة الكفار وما دعاء الكافرين اصنامهم الا في ضلال يضل عنهم اذا احتاجوا اليه كما قال وضل عنهم ما كانوا يفترون الانعام وغيرها وقال الضحاك عن ابن عباس وما دعاء الكافرين ربهم الا في ضلال لان اصواتهم محجوبة عن الله تعالي ولله يسجد من في السموات والارض طوعا وكرها وظلالهم بالغدو والاصال قوله عز وجل ولله يسجد من في السموات والارض طوعا ,False,0510IbnMascudBaghawi.Tafsir
68719526921,28,Shia002359Vols-ara1.ms2409,دعوة الحق والذين يدعون من دونه اي و الذين يدعوهم المشركون من دون الله لحاجاتهم من الاوثان وغيرها لا يستجيبون لهم بشء الا كباسط كفيه الي الماء ليبلغ فاه وما هو ببالغه هذا مثل ضربه الله لكل من عبد غير الله ودعاه رجاء ان ينفعه يقول ان مثله كمثل رجل بسط كفيه الي الماء من مكان بعيد ليتناوله ويسكن به غلته وذلك الماء لا يبلغ فاه لبعد المسافة بينهما فكذلك ما كان يعبده المشركون من الاصنام لا يصل نفعها اليهم ولا يستجيب دعاءهم عن ابن عباس وقيل كباسط كفيه الي الماء اي كالذي يدعو الماء بلسانه ويشير اليه بيده فلا ياتيه الماء عن مجاهد وقيل كالذي يبسط كفيه الي الماء ليبلغ فاه فمات قبل ان يبلغ الماء فاه عن الحسن وقيل انه تمثيل العرب لمن يسعي فيما لا يدركه فيقول هو كالقابض علي الماء عن ابي عبيدة والبلخي وابي مسلم قال الشاعر فاصبحت مما كان بيني وبينها من الود مثل القابض الماء باليد وقال الاخر فاني واياكم وشوقا اليكم كقابض ماء لم تسعه انامله وما دعاء الكافرين الا في ضلال اي ليس دعاءهم الاصنام من دون الله الا في ذهاب عن الحق والصواب وقيل في ضلال عن طريق الاجابة والنفع ثم بين سبحانه كمال قدرته وسعة مملكته فقال ولله يسجد من في السماوات والارض يعني الملاءكة وساءر المكلفين طوعا وكرها ,False,0548IbnHasanTabarsi.TafsirMajmacBayan
68719526921,28,JK000791-ara1.ms1178,ياتيه ابدا قاله مجاهد والخامس انه الباسط كفيه ليقبض علي الماء حتي يءديه الي فيه لا يتم له ذلك والعرب تقول من طلب مالا يجد فهو القابض علي الماء وانشدوا واني واياكم وشوقا اليكم كقابض ماء لم تسقه انامله اي لم تحمله والوسق الحمل وقال اخر فاصبحت مما كان بيني وبينها من الود مثل القابض الماء باليد هذا قول ابي عبيدة وابن قتيبة قوله تعالي وما دعاء الكافرين الا في ضلال فيه قولان احدهما وما دعاء الكافرين ربهم الي في ضلال لان اصواتهم محجوبة عن الله رواه الضحاك عن ابن عباس والثاني وما عبادة الكافرين الاصنام الا في خسران وباطل قاله مقاتل ولله يسجد من في السماوات والارض طوعا وكرها وظلالهم بالغدو والاصال الرعد ولله يسجد من قوله تعالي ولله يسجد من في السموات اي من الملاءكة ومن في ,False,0597IbnJawzi.ZadMasir
68719526921,28,JK000791-ara1.ms2457,والليل وما وسق قوله تعالي والليل وما وسق اي وما جمع وضم وانشدوا ان لنا قلاءصا حقاءقا مستوسقات لو يجدن ساءقا قال ابو عبيدة وما وسق ما علا فلم يمنع منه شء فاذا جلل الليل الجبال والاشجار والبحار والارض فاجتمعت له فقد وسقها ,False,0597IbnJawzi.ZadMasir
68719526921,28,Shia002616Vols-ara1.ms3397,لا يستجيب وما الماء ببالغ اليه قاله مجاهد الثاني انه كالظمان الذي يري خياله في الماء وقد بسط كفه فيه ليبلغ فاه وما هو ببالغه لكذب ظنه وفساد توهمه قاله ابن عباس الثالث انه كباسط كفه الي الماء ليقبض عليه فلا يجمد في كفه شء منه وزعم الفراء ان المراد بالماء هاهنا البءر لانها معدن للماء وان المثل كمن مد يده الي البءر بغير رشاء وشاهده قول الشاعر فان الماء ماء ابي وجدي وبءري ذو حفرت وذو طويت قال علي رضي الله عنه هو كالعطشان علي شفة البءر فلا يبلغ قعر البءر ولا الماء يرتفع اليه ومعني الا كباسط الا كاستجابة باسط كفيه الي الماء فالمصدر مضاف الي الباسط ثم حذف المضاف وفاعل المصدر المضاف مراد في المعني وهو الماء والمعني الا كاجابة باسط كفيه الي الماء واللام في قوله ليبلغ فاه متعلقة بالبسط وقوله وما هو ببالغه كناية عن الماء اي وما الماء ببالغ فاه ويجوز ان يكون هو كناية عن الفم اي ما الفم ببالغ الماء وما دعاء الكافرين الا في ضلال اي ليست عبادة الكافرين الاصنام الا في ضلال لانها شرك وقيل الا في ضلال اي يضل عنهم ذلك الدعاء فلا يجدون منه سبيلا كما قال اين ما كنتم تدعون من دون الله قالوا ضلوا عنا الاعراف وقال ابن عباس اي اصوات الكافرين محجوبة عن الله فلا يسمع دعاءهم قوله تعالي ولله يسجد من في السماوات والارض طوعا وكرها ,False,0671AbuCabdAllahQurtubi.JamicLiAhkamQuran
68719526921,28,Shia002616Vols-ara1.ms6627,قوله تعالي والليل وما وسق اي جمع وضم ولف واصله من سورة السلطان وغضبه فلولا انه خرج الي العباد من باب الرحمة ما تمالك العباد لمجيءه ولكن خرج من باب الرحمة فمزح بها فسكن الخلق اليه ثم ابذعروا والتفوا وانقبضوا ورجع كل الي ماواه فسكن فيه من هوله وحشا وهو قوله تعالي ومن رحمته جعل لكم الليل والنهار لتسكنوا فيه القصص اي بالليل ولتبتغوا من فضله القصص اي بالنهار علي ما تقدم فالليل يجمع ويضم ما كان منتشرا بالنهار في تصرفه هذا معني قول ابن عباس ومجاهد ومقاتل وغيرهم قال ضابء ابن الحارث البرجمي فاني واياكم وشوقا اليكم كقابض ماء لم تسقه انامله يقول ليس في يده من ذلك شء كما انه ليس في يد القابض علي الماء شء فاذا جلل الليل الجبال والاشجار والبحار والارض فاجتمعت له فقد وسقها والوسق ,False,0671AbuCabdAllahQurtubi.JamicLiAhkamQuran
68719526921,28,Shamela0001687-ara1.completed.ms06179,قال ضابء بن الحرث البرجمي فاني واياكم وشوقا اليكم كقابض ماء لم تسقه انامله اي لم تحمله يقول ليس في يدي شء من ذلك كما انه ليس في يد القابض علي الماء شء ووسقت ,False,0711IbnManzurIfriqi.LisanCarab
68719526921,28,Shamela0001687-ara1.completed.ms06179,والليل وما وسق والقمر اذا اتسق قال الفراء وما وسق اي وما جمع وضم واتساق القمر امتلاءه واجتماعه واستواءه ليلة ثلاث عشرة واربع عشرة وقال الفراء الي ست عشرة فيهن امتلاءه واتساقه وقال ابو عبيدة وما وسق اي وما جمع من الجبال والبحار والاشجار كانه جمعها بان طلع عليها كلها فاذا جلل الليل الجبال والاشجار والبحار والارض فاجتمعت له ,False,0711IbnManzurIfriqi.LisanCarab
68719526921,28,Shamela0023628-ara1.completed.ms2038,اذا بسط كفيه في الماء لا ينفعه ذلك ما لم يغرف بهما من الماء ولا يبلغ الماء فاه مادام باسط كفيه وهذا مثل ضربه الله تعالي للكفار ودعاءهم الاصنام حين لا ينفعهم البتة ثم ختم هذا بقوله وما دعاء الكافرين يعني اصنامهم الا في ضلال يعني يضل عنهم اذا احتاجوا اليه ,False,0741KhazinBaghdadi.LubabTawil
68719526921,28,Shamela0008473-ara1.mARkdown.ms2577,دعوة الحق قال لا اله الا الله والذين يدعون من دونه اي ومثل الذين يعبدون الهة غير الله كباسط كفيه الي الماء ليبلغ فاه قال علي بن ابي طالب كمثل الذي يتناول الماء من طرف البءر بيده وهو لا يناله ابدا بيده فكيف يبلغ فاه وقال مجاهد كباسط كفيه يدعو الماء بلسانه ويشير اليه بيده فلا ياتيه ابدا وقيل المراد كقابض يده علي الماء فانه لا يحكم منه علي شء كما قال الشاعر فاني واياكم وشوقا اليكم كقابض ماء لم تسقه انامله وقال الاخر فاصبحت مما كان بيني وبينها من الود مثل القابض الماء باليد ومعني الكلام ان هذا الذي يبسط يده الي الماء اما قابضا واما متناولا له من بعد كما انه لا ينتفع بالماء الذي لم يصل الي فيه الذي جعله محلا للشرب فكذلك هءلاء المشركون الذين يعبدون مع الله الها غيره لا ينتفعون بهم ابدا في الدنيا ولا في الاخرة ولهذا قال ,False,0774IbnKathir.TafsirQuran
68719526921,28,JK009266-ara1.ms5314,وما دعاء لكافرين اصنامهم الا في ضلال يضل عنهم اذا احتاجوا اليه كقوله تعالي وضل عنهم ما كانوا يدعون فصلت وعن ابن عباس رضي الله عنه وما دعاء لكافرين ربهم الا في ضلال لان اصواتهم محجوبة عن الله عز وجل وقيل الا في ضلال اي في ضياع لا منفعة فيه لان الله لم يجبهم وان دعوا الالهة لم تستطع اجابتهم قوله ولله يسجد من في لسماوات و لارض ,False,0800IbnCadilHanbali.LubabFiCulumKitab
68719526921,28,Shamela0009856-ara1.ms1019,ماء لم تسقه انامله يقول ليس في يدي من ذلك شء كما انه ليس في يد القابض علي الماء شء فاذا جلل الليل الجبال والاشجار والبحار والارض فاجتمعت له فقد وسقها والوسق ايضا الطرد ,False,0817MajdDinFiruzabadi.BasairDhawiTamyiz
68719526921,28,Zaydiyya0000295Vols-ara1.ms1652,تضرب المثل لمن سعي فيما لا يدركه بالقابض الماء باليد كما قال ابو دهبل واصحبت مما كان بيني وبينها من الود مثل القابض الماء باليد لان من يلزم الماء باصابعه لا يحصل معه شء والعرب تضرب الامثال بمن كان في الحمق يفعل ذلك قال الشاعر واني واياها علي مثل قابض علي الماء لم يبلغ شء انامله وذكر في البرهان في معني هذا المثل هذين الوجهين والثالث انه كالظمان الذي يري خياله في الماء وقد سقط كفه فيه ليبلغ فاه وما هو ببالغه لكذب ظنه وفساد توهمه ثم قال وما دعاء الكافرين الا في ضلال اي في ضياع لامنفعة له لان الله لا يجيب دعاهم والهتهم لا تستطيع الاجابة واما قوله تعالي ولله يسجد من في السماوات والارض فاعلم ان في المراد بهذا السجود ,False,1062CabdAllahSharafi.MasabihSatica
68719526921,28,Shia003965Vols-ara1.ms08634,ورقاوي ابدلوا من همزة التانيث واوا والوراق ككتان قريتان بالقرب من مصر علي شاطء النيل والورق محركة قرية من اعمال الغربية وسق وسقه يسقه وسقا ووسوقا ضمه وجمعه وحمله ومنه قوله تعالي وبالليل وما وسق اي وما جمع وضم قاله الفراء وقال ابو عبيدة اي وما جمع من الجبال والبحار والاشجار كانه جمعها بان طلع عليها كلها فاذا جلل الليل الجبال والاشجار والبحار والارض فاجتمعت له فقد وسقها ,False,1205MurtadaZabidi.TajCarus
68719526921,28,Shia003965Vols-ara1.ms08635,بن الحارث البرجمي فاني واياكم وشوقا اليكم كقابض ماء لم تسقه انامله اي لم تحمله يقول ليس في يدي شء من ذلك كما انه ليس في يد القابض علي الماء شء ووسقه ,False,1205MurtadaZabidi.TajCarus
68719526921,28,Shamela0023623-ara1.ms2035,كفيه الي الماء يدعو الماء الي فيه والماء لا يستجيب اعلم الله سبحانه ان دعاءهم الاصنام كدعاء العطشان الي الماء يدعوه الي بلوغ فمه وما الماء ببالغه وقيل المعني انه كباسط كفيه الي الماء ليقبض عليه فلا يحصل في كفه شء منه وقد ضربت العرب لمن سعي فيما لا يدركه مثلا بالقبض علي الماء كما قال الشاعر فاصبحت مما كان بيني وبينها من الود مثل القابض الماء باليد وقال الاخر ومن يامن الدنيا يكن مثل قابض علي الماء خانته فروج الاصابع وقال الفراء ان المراد بالماء هنا ماء البءر لانها معدن للماء وانه شبهه بمن مد يده الي البءر بغير رشاء ضرب الله سبحانه هذا مثلا لمن يدعو غيره من الاصنام وما دعاء الكافرين الا في ضلال اي يضل عنهم ذلك الدعاء فلا يجدون منه شيءا ولا ينفعهم بوجه من الوجوه بل هو ضاءع ذاهب ولله يسجد من في السماوات والارض طوعا وكرها ان كان المراد بالسجود ,False,1250Shawkani.FathQadir
68719526921,28,ShamAY0034054-ara1.ms1958,وقد ضربت العرب لمن سعي فيما لا يدركه مثلا بالقبض علي الماء كما قال الشاعر فاصبحت مما كان بيني وبينها من الود مثل القابض الماء باليد وقال الاخر ومن يامن الدنيا يكن مثل قابض علي الماء خانته فروج الاصابع وقال الفراء ان المراد بالماء هنا ماء البءر لانها معدن للماء وانه شبهه بمن مد يده الي البءر بغير رشاء ضرب الله سبحانه هذا مثلا لمن يدعو غيره من الاصنام وما دعاء الكافرين الا في ضلال اي يضل عنهم ذلك الدعاء فلا يجدون منه شيءا ولا ينفعهم بوجه من الوجوه بل هو ضاءع ذاهب الرعد ولله يسجد من ولله يسجد من في السماوات والارض طوعا وكرها ان كان المراد بالسجود ,False,1281IbnMuhammadShawkani.TafsirFathQadir
68719526921,28,Tafsir07057-ara1.ms2845,الماء وقد بسط كفه فيه ليبلغ فاه وما هو ببالغه لكذب ظنه وفساد توهمه قاله ابن عباس الثالث انه كباسط كفيه الي الماء ليقبض عليه فلا يجد في كفه شيءا منه وقد ضربت العرب مثلا لمن سعي فيما لا يدركه بالقبض علي الماء كما قال الشاعر ومن يامن الدنيا يكن مثل قابض علي الماء خانته فروج الاصابع وقوله سبحانه وما دعاء الكافرين الا في ضلال اي وما عبادة الكافرين للاصنام والتجاءهم اليها في طلب الحاجات الا في ضياع وخسران لان هذه الالهة الباطلة لا تملك لنفسها نفعا ولا ضرا فضلا عن ان تملك ذلك لغيرها ثم بين سبحانه ان هذا الكون كله خاضع له عز وجل فقال ولله يسجد من في السماوات والارض طوعا وكرها وظلالهم بالغدو والاصال والمراد بالسجود ,False,1431MuhammadSayyidTantawi.TafsirWasit
68719526921,28,Tafsir09084-ara1.ms1266,بيده فكيف يبلغ فاه وقال مجاهد كباسط كفيه يدعو الماء بلسانه ويشير اليه فلا ياتيه ابدا وقيل المراد كقابض يده علي الماء فانه لا يحكم منه علي شء كما قال الشاعر فاصبحت مما كان بيني وبينها من الود مثل القابض الماء باليد ومعني هذا الكلام ان الذي يبسط يده الي الماء اما قابضا واما متناولا له من بعد كما انه لا ينتفع بالماء الذي لم يصل الي فيه الذي جعله محلا للشرب فكذلك هءلاء المشركون الذين يعبدون مع الله الها غيره لا ينتفعون بهم ابدا في الدنيا ولا في الاخرة ولهذا قال وما دعاء الكافرين الا في ضلال ,False,1450MuhammadCaliSabuni.MukhtasarTafsirIbnKathir
68719545704,3,SHAM19Y23644-ara1.ms6009,وسنه يومءذ ثلاث وثلاثون سنة وخمسة اشهر وايام لان مولده لست بقين من المحرم سنة احدي وثلاث مءة وهو ابن عم المستكفي لحا واحضر المستكفي فسلم عليه بالخلافة واشهد علي نفسه بالخلع ثم سمل واعتقل في دار الخلافة وصادر المطيع خواصه واخذ منه الوفا كثيرة ووصل العباسيين والعلويين في يوم واحد بنيف وثلاثين الف دينار واستبد بالامور ابن شيرزاد وفيها اشتد الغلاء ببغداد في شعبان واكل الناس الجيف والروث وماتوا علي الطرقات فكانت الكلاب تاكل لحومهم وبيع العقار بالرغفان ووجدت ,True,0654SibtIbnJawzi.MiratZaman
68719545704,3,Shamela0035100-ara1.mARkdown.ms05302,اربع وثلاثين سنة ثم قدموا ابن عمه المستكفي فسلم عليه بالخلافة واشهد علي نفسه بالخلع قبل ان يسمل ثم صادر المطيع خواص المستكفي واخذ منهم اموالا كثيرة ووصل العباسيين والعلويين في يوم مع اضاقته بنيف وثلاثين الف دينار وقرر له معز الدولة كل يوم ماءة دينار ليس الا نفقة وعظم الغلاء ببغداد في شعبان واكلوا الجيف والروث ,True,0748Dhahabi.TarikhIslam
68719545704,3,JK001330-ara1.mARkdown.ms0714,وسنه يومءذ اربع وثلاثون سنة ثم قدموا ابن عمه المستكفي المذكور فسلم عليه بالخلافة واشهد علي نفسه بالخلع وذلك قبل ان يسمل ثم صادر المطيع خواص المستكفي واخذ منهم اموالا كثيرة وقرر له معز الدولة في كل يوم ماءة دينار وفيها عظم الغلاء ببغداد في شعبان واكلوا الجيف والروث وماتوا علي الطرق واكلت الاكلب لحومهم وبيع العقار بالرغفان ووجدت ,True,0874IbnTaghribirdi.NujumZahira
68719545707,2,SHAM19Y23644-ara1.ms6009,وقبضوا علي القهرمانة وخواص الخليفة ومضي معز الدولة الي دار مءنس وساقوا المستكفي ماشيا من قصره الي دار مءنس ولم يبق في دار الخليفة شء وخلع المستكفي من الخلافة وسملت عيناه يوم خلعه فكانت خلافته سنة واربعة اشهر ويومين وتوفي بعد خلعه في ربيع الاول سنة ثمان وثلاثين وسنه ست واربعون سنة ,False,0654SibtIbnJawzi.MiratZaman
68719545707,2,JK001330-ara1.mARkdown.ms0714,وقبضوا علي القهرمانة وخواص الخليفة ومضي معز الدولة الي منزله وساقوا المستكفي ماشيا اليه ولم يبق بدار الخلافة شء الا نهب وخلع المستكفي وسملت عيناه وكانت خلافته سنة واربعة اشهر ويومين وتوفي بعد ذلك في سنة ثمان وثلاثين وثلثماءة وعمره ست واربعون سنة ,False,0874IbnTaghribirdi.NujumZahira
68719577051,2,Shamela0000922-ara1.ms0877,فما استكانوا لربهم وما يتضرعون اي ما تواضعوا والذي اخذوا به الجوع حتي اذا فتحنا عليهم بابا ذا عذاب شديد اذا هم فيه مبلسون قيل ,False,0311IbnSariZajjaj.MacaniQuran
68719577051,2,JK006476-ara1.ms1100,فما استكانوا لربهم وما يتضرعون اي ما خضعوا وما ذلوا لربهم والاستكانة طلب السكون وقوله وما يتضرعون اي لم يتضرعوا الي ربهم بل مضوا الي عتوهم وتمردهم حتي اذا فتحنا عليهم بابا ذا عذاب شديد اذا هم فيه مبلسون وهو ,False,0489IbnMuhammadSamcani.TafsirQuran
68719578997,4,Shamela0009783BK1-ara1.mARkdown.ms3136,وحج بالناس في هذه السنة محمد بن هشام بن اسماعيل وهو امير مكة والطاءف كذلك قال ابو معشر فيما حدثني احمد بن ثابت عمن ذكره عن اسحاق بن عيسي عنه وكان عمال ,False,0310Tabari.Tarikh
68719578997,4,Shamela0009783BK1-ara1.mARkdown.ms3043,وحج بالناس في هذه السنة عبد الرحمن بن الضحاك ابن قيس الفهري حدثني بذلك احمد بن ثابت عمن ذكره عن اسحاق ابن عيسي عن ابي معشر وكذلك قال محمد بن عمر وكان عبد الرحمن عامل يزيد بن عبد الملك علي المدينة وعلي مكة ,False,0310Tabari.Tarikh
68719578997,4,Shamela0009783BK1-ara1.mARkdown.ms3212,وحج بالناس في هذه السنة محمد بن هشام بن اسماعيل المخزومي كذلك قال ابو معشر حدثني بذلك احمد بن ثابت عمن ذكره عن اسحاق بن عيسي عنه وكذلك قال الواقدي وغيره وكان عامل هشام بن عبد الملك علي المدينة ومكة والطاءف في هذه ,False,0310Tabari.Tarikh
68719578997,4,Sham19Y0145435-ara1.ms0740,وحج بالناس في هذه السنة محمد بن هشام بن اسماعيل المخزومي كذلك قال ابو معشر حدثني بذلك احمد بن ثابت عمن ذكره عن اسحاق بن عيسي عنه وكذلك قال الواقدي وغيره وكان عامل هشام بن عبد الملك علي المدينة ومكة والطاءف في هذه ,False,1411MuhammadTahirBarnaji.SahihWaDacifTarikhTabari
68719579000,2,Shamela0009783BK1-ara1.mARkdown.ms3136,ثم دخلت سنة ست عشرة وماءة ذكر ما كان فيها من الاحداث فمن ذلك ما كان من غزوة معاوية بن هشام ارض الروم الصاءفة وفيها كان طاعون شديد بالعراق والشام وكان اشد ذلك فيما ذكر بواسط وفاة الجنيد بن عبد الرحمن وولاية عاصم بن عبد الله خراسان وفيها كانت وفاة الجنيد بن عبد الرحمن وولاية عاصم بن عبد الله بن يزيد الهلالي ,False,0310Tabari.Tarikh
68719579000,2,Shamela0012406-ara1.mARkdown.ms1755,ثم دخلت سنة ست عشرة وماءة فمن الحوادث فيها غزوة معاوية بن هشام ارض الروم الصاءفة وفيها وقع طاعون عظيم شديد بالعراق والشام وكان اشده بواسط وفيها ولي هشام علي خراسان عاصم بن عبد الله بن يزيد الهلالي ,False,0597IbnJawzi.Muntazam
68719580675,10,Shamela0000736-ara2.mARkdown.ms2984,عن ابن عباس قال لعن رسول الله صلي الله عليه وسلم زاءرات القبور والمتخذين عليها المساجد والسرج الحسين بن علي بن الحسين بن الحكم ابو عبد الله الاسدي الدهان الكوفي قدم بغداد وحدث بها عن ابراهيم بن سليمان النهمي والفضل بن يوسف بن يعقوب الجعفي روي عنه ابو عمر بن حيويه الحسين بن علي بن يزيد بن داود بن يزيد ابو علي الحافظ النيسابوري كان واحد عصره في الحفظ والاتقان والورع مقدما في مذاكرة الاءمة كثير التصنيف ذكره الدارقطني فقال امام مهذب وكان مع تقدمه في العلم احد الشهود المعدلين بنيسابور ورحل في طلب الحديث الي الافاق البعيدة بعد ان سمع بنيسابور ابراهيم بن ابي طالب وعلي بن الحسن الصفار صاحب يحيي بن يحيي وجعفر بن احمد الحصيري وعبد الله بن محمد بن شيرويه واقرانهم وسمع بهراة محمد بن عبد الرحمن السامي والحسين بن ادريس الانصاري وبنسا الحسن بن سفيان وبجرجان عمران بن موسي بن مجاشع وبمرو عبد الله بن محمود وبالري ابراهيم بن يوسف الهسنجاني وببغداد عبد الله بن محمد بن ناجية وقاسم بن زكريا المطرز وبالاهواز عبدان بن احمد واحمد بن يحيي بن زهير وباصبهان محمد بن نصير صاحب اسماعيل بن عمرو وبالموصل ابا يعلي احمد بن علي وكتب بالشام عن اصحاب ابراهيم بن العلاء وسليمان بن عبد الرحمن وهشام بن عمار والمعافي بن سليمان وسمع بمصر ابا عبد الرحمن النساءي وسمع بغزة الموطا من الحسن بن الفرج عن يحيي بن بكير عن مالك وكتب بمكة عن المفضل بن محمد الجندي وحدث ببغداد احاديث كتبها عنه الشيوخ ,False,0463KhatibBaghdadi.TarikhBaghdad
68719580675,10,Shamela0009584-ara1.completed.ms176,ربيع الاخر من سنة ثلاث وعشرين واربعماءة الحسين بن علي بن يزيد بن داود بن يزيد ابو علي الحافظ النيسابوري قال الحاكم ابو عبد الله محمد بن عبد الله الحافظ في تاريخ بنيسابور هو واحد عصره في الحفظ والاتقان والرحلة شرقا وغربا مقدم في مذاكرة الاءمة وكثرة التصنيف واحد المعدلين سمع بنيسابور ابراهيم بن ابي طالب وعلي بن الحسن الصفار صاحب يحيي بن يحيي وجعفر بن احمد بن نصر الحافظ وعبد الله بن شيرويه وبهراة ابا جعفر محمد بن عبد الرحمن السامي وبنسا الحسن بن سفيان وبجرجان عمران بن موسي واقرانه وببغداد عبد الله بن ناجية والقاسم بن زكريا واقرانهما وبالبصرة ابا خليفة وزكريا الساجي وبالاهواز عبد الله بن احمد بن عبدان وبواسط جعفر بن احمد بن سنان وبالجزيرة من ابي يعلي الموصلي المسند من اوله الي اخره ودخل الشام وكتب بها عن اصحاب ابراهيم بن العلاء وسليمان بن عبد الرحمن ابن بنت شرحبيل وبمصر ابا عبد الرحمن النساءي وبمكة عن المفضل بن محمد الجندي وعقد له مجلس الاملاء سنة سبع وثلاثين وثلاثماءة وهو ابن ستين سنة ,False,0629IbnNuqta.TaqyidLiMacrifa
68719580675,10,Shamela0010798-ara1.completed.ms2138,الحسين بن علي بن يزيد بن داود بن يزيد ابو علي الصاءغ النيسابوري الحافظ رحل في طلب الحديث وطاف البلاد ودخل الشام في طلب ظ الحديث والاسناد وسمع بحلب يحيي بن علي بن محمد الحلبي ابن بنت ابي سكينة وبانطاكية محمد بن عبد الرحمن بن سهم الانطاكي والفضل بن محمد الانطاكي وبدمشق ابا الحسن احمد بن عمير بن جوصاء واسماعيل بن محمد بن اسحاق العذري وبغزه الحسن بن الفرج الغزي صاحب ابي بكر وببغداد عبد الله بن محمد بن ناجيه وقاسم بن زكريا المطرز وبالموصل ابا يعلي الموصلي وبمكة المفضل بن محمد الجندي وبمصر ابا عبد الرحمن احمد بن شعيب النساءي وببلده نيسابور جعفر بن احمد بن نصر الحافظ وابراهيم بن ابي طالب وعبد الله بن محمد بن شيرويه وعلي بن الحسن الصفار وبهراة ابا علي الحسن بن ادريس الانصاري ومحمد بن عبد الرحمن السامي وبنسا الحسن بن ,False,0660IbnCadim.BughyatTalab
68719580675,10,Shamela0010798-ara1.completed.ms2150,الحسين ابن علي بن يزيد بن داوود بن يزيد ابو علي الحافظ النيسابوري كان واحد عصره في الحفظ والاتقان والورع مقدما في مذاكرة الاءمة كثير التصنيف ذكره الدارقطني فقال امام مهذب وكان مع تقدمه في العالم احد الشهود المعدلين بنيسابور ورحل في الحديث الي الافاق البعيدة بعد ان سمع بنيسابور ابراهيم بن ابي طالب وعلي بن الحسن الصفار صاحب يحيي بن يحيي وجعفر بن احمد الحصيري وعبد الله بن محمد بن شيرويه واقرانهم وسمع بهراة محمد بن عبد الرحمن الشامي والحسين بن ادريس الانصاري وبنسا الحسن بن سفيان وبجرجان عمران بن و موسي بن مجاشع وبمرو عبد الله بن محمود وبالري ابراهيم بن يوسف الهسنجاني وببغداد عبد الله بن محمد بن ناجية وقاسم بن زكريا المطرز وبالاهواز عبدان بن احمد واحمد بن يحيي بن زهير وباصبهان محمد بن زهير صاحب اسماعيل بن عمرو وبالموصل ابا يعلي احمد بن علي وكتب بالشام عن اصحاب ابراهيم بن العلاء وسليمان بن عبد الرحمن وهشام بن عمار والمعافي بن سليمان وسمع بمصر ابا عبد الرحمن النساءي وسمع بغزة الموطا من الحسن بن الفرج عن يحيي بن بكير عن مالك وكتب بمكة عن المفضل بن محمد الجندي وحدث ببغداد احاديث كتبها عنه الشيوخ ,False,0660IbnCadim.BughyatTalab
68719580675,10,Shamela0010798-ara1.completed.ms2149,الحسين بن علي بن يزيد بن داود بن يزيد الحافظ ابو علي النيسابوري واحد عصره في الحفظ والورع والرحلة ذكره بالشرق كذكره بالغرب مقدم في مذاكرة الاءمة وكثرة التصنيف وكان مع تقدمه في هذه العلوم احد المعدلين المقبولين في البلد سمع بنيسابور ابراهيم بن ابي طالب وعلي بن الحسين الصفار صاحب يحيي بن يحيي وابا يحيي البزاز وجعفر بن احمد بن نصر الحافظ وعبد الله بن شبرويه وابراهيم بن اسحاق الانماطي واقرانهم وبهراة وهي اول رحلته ابا جعفر محمد بن عبد الرحمن الشامي وابا علي الحسين بن ادريس الانصاري واقرانهما وبنسا الحسن بن سفيان وبجرجان عمران ابن موسي واقرانه وبمرو عبد الله بن محمود واقرانه وبالري ابراهيم بن يوسف الهسنجاني واقرانه وببغداد عبد الله بن ناجية والقاسم بن زكريا واقرانهما وبالكوفة محمد بن جعفر وعبد الله بن سوار واقرانهما وبواسط جعفر بن احمد بن سنان الحافظ واقرانه وبالاهواز ,False,0660IbnCadim.BughyatTalab
68719580675,10,Sham19Y0001994-ara1.ms380,ربيع الاول سنة اثنتين واربعين وثلاث مءة ابو علي الحافظ الكبير البارع احد الاءمة الاعلام الحسين بن علي بن يزيد بن داود النيسابوري قال الحاكم هو واحد عصره في الحفظ والاتقان والورع والمذاكرة والتصنيف سمع ابراهيم بن ابي طالب وعبد الله بن شيرويه وجعفر بن احمد الحافظ ومحمد بن عبد الرحمن السامي والحسين بن ادريس والحسن بن سفيان وابا خليفة الجمحي ومحمد بن نصير مسند اصبهان والحسن بن الفرج الغزي صاحب يحيي بن بكير وابا عبد الرحمن النساءي وابا يعلي الموصلي وعبدان الاهوازي وخلقا كثيرا بخراسان والحجاز والشام والعراق ومصر والجزيرة والجبال حدث عنه ابو بكر احمد بن اسحاق الصبغي وابو الوليد الفقيه وهما اكبر منه وابن منده والحاكم وابو طاهر بن محمش وابو عبد الرحمن السلمي وغيرهم ,False,0744IbnCabdHadi.TabaqatCulama
68719580675,10,Shamela0010906-ara1.mARkdown.ms5262,سنة ست واربعين وثلاث ماءة وله اربع وتسعون سنة ابو علي النيسابوري الحسين بن علي بن يزيد الحافظ الامام العلامة الثبت ابو علي الحسين بن علي بن يزيد بن داود النيسابوري احد النقاد ولد في سنة سبع وسبعين وماءتين واول شء سمعه في سنة اربع وتسعين روي عن ابراهيم بن ابي طالب وعلي بن الحسين وعبد الله بن شيرويه وجعفر بن احمد الحافظ وابن خزيمة واحمد بن محمد الماسرجسي وطبقتهم بنيسابور وعن الحسين بن ادريس ومحمد بن عبد الرحمن السامي بهراة وابي خليفة الجمحي وزكريا الساجي بالبصرة ومحمد بن نصير وطبقته باصبهان ومحمد بن جعفر القتات وعدة بالكوفة وعبدان الجواليقي بالاهواز والحسن بن سفيان بنسا والحسن بن الفرج الغزي بغزة وعمران بن موسي بن مجاشع بجرجان وابي عبد الرحمن النساءي وابي يعقوب ,False,0748Dhahabi.SiyarAclamNubala
68719580675,10,JK000532-ara1.mARkdown.ms0635,عن عبد الله قال قال رسول الله صلي الله عليه وسلم ان طلب كسب الحلال فريضة بعد الفريضة عباد واه ابو علي الحافظ الامام محدث الاسلام الحسين بن علي بن يزيد بن داود النيسابوري احد جهابذة الحديث قال ابو عبد الله الحاكم هو واحد عصره في الحفظ والاتقان والورع والمذاكرة والتصنيف سمع ابراهيم بن ابي طالب وعلي بن الحسين وعبد الله بن شيرويه وجعفر بن احمد الحافظ والحسين بن ادريس ومحمد بن عبد الرحمن السامي والحسن بن سفيان ومحمد بن جعفر الكوفي القتات وابا خليفة الجمحي ومحمد بن نصير مسند اصبهان والحسن بن الفرج الغزي صاحب يحيي بن بكير وعمران بن موسي بن مجاشع وابا عبد الرحمن النساءي ,False,0748Dhahabi.TadhkiratHuffaz
68719580675,10,Shamela0035100-ara1.mARkdown.ms05470,ربيع الاول عن اثنتين وسبعين سنة الحسين بن علي بن يزيد بن داود الحافظ ابو علي النيسابوري الوفاة ه قال الحاكم هو واحد عصره في الحفظ والاتقان والورع والمذاكرة والتصنيف سمع ابراهيم بن ابي طالب وعلي بن الحسين وعبد الله بن شيرويه وجعفر بن احمد الحافظ وبهراة الحسين بن ادريس ومحمد بن عبد الرحمن وبنسا الحسن بن سفيان وبجرجان عمران بن موسي وببغداد عبد الله بن ناجية والقاسم المطرز وبالكوفة محمد بن جعفر القتات وبالبصرة ابا خليفة وبواسط جعفر بن احمد بن سنان وبالاهواز عبدان وباصبهان محمد بن نصير وبالموصل ابا يعلي وبمصر ابا عبد الرحمن النساءي وبغزة الحسن بن الفرج راوي الموطا وبمكة المفضل الجندي وبالشام اصحاب ابراهيم بن العلاء والمعافي بن سليمان ولد سنة سبع ,False,0748Dhahabi.TarikhIslam
68719580675,10,JK000914-ara1.mARkdown.ms0660,رسول الله صلي الله عليه وسلم قال كانت شجرة تضر بالطريق فقطعها رجل فنحاها عن الطريق فغفر له رواه مسلم عن محمد بن حاتم عن بهز بن اسد عن حماد به الحسن بن علي بن يزيد بن داود بن يزيد الحافظ الكبير ابو علي النيسابوري شيخ الحاكم ولد سنة سبع وسبعين وماءتين واول سماعه سنة اربع وتسعين فسمع من ابراهيم بن ابي طالب وعلي بن الحسين وعبد الله بن شيرويه وجعفر ابن احمد الحافظ وبهراة الحسين بن ادريس ومحمد بن عبد الرحمن واقرانهما قال الحاكم وهراة اول رحلته وبنسا الحسن بن سفيان وبجرجان عمران بن موسي وببغداد عبد الله بن ناجية والقاسم المطرز وبالكوفة محمد بن جعفر القتات وبالبصرة ابا خليفة وزكريا الساجي وبواسط جعفر بن احمد بن سنان وبالاهواز عبدان وباصبهان محمد بن نصير وبالموصل ابا يعلي وبمصر ابا عبد الرحمن النساءي وبغزة الحسن بن الفرج راوي الموطا وبمكة المفضل الجندي وبالشام اصحاب ابراهيم بن العلاء والمعافي بن سليمان روي عنه ابو بكر احمد بن اسحاق الصبغي وابو الوليد الفقيه وهما اكبر منه وابن مندة والحاكم وابو طاهر بن محمش وابو عبد الرحمن السلمي وغيرهم قال الحاكم هو واحد عصره في الحفظ والاتقان والورع والرحلة ذكره بالشرق كذكره في الغرب مقدم في مذاكرة الاءمة وكثرة التصنيف انتهي وكذلك قال الخطيب قال وذكره الدارقطني فقال امام مهذب قال الحاكم وعقد له مجلس الاملاء سنة سبع وثلاثين وثلاثماءة وهو ابن ستين سنة ,False,0771Subki.TabaqatShaficiyyaKubra
68719583791,2,ShamAY0034052-ara1.ms2394,يضمن الغدو معني الاقبال كقولهم يفدي عليه بالجفنة ويراح اي فاقبلوا علي حرثكم باكرين يتخافتون يتسارون فيما بينهم وخفي وخفت وخفد ثلاثتها في معني الكتم ومنه الخفدود للخفاش ان لا يدخلنها ان مفسرة وقرا ابن مسعود بطرحها باضمار القول اي تخافتون يقولون لا يدخلنها والنهي عن الدخول للمسكين نهي لهم عن تمكينه منه اي لا تمكنوه من الدخول حتي يدخل كقولك لا ارينك ههنا الحرد من حردت السنة اذا منعت خيرها وحاردت الابل اذا منعت درها والمعني وغدوا قادرين علي نكد لا غير عاجزين عن النفع يعني انهم عزموا ان يتنكدوا علي المساكين ويحرموهم وهم قادرون علي نفعهم فغدوا بحال فقر وذهاب مال لا يقدرون فيها الا علي النكد والحرمان وذلك انهم طلبوا حرمان المساكين فتعجلوا الحرمان والمسكنة او وغدوا علي محاردة جنتهم وذهاب خيرها قادرين بدل كونهم قادرين علي اصابة خيرها ومنافعها اي غدوا حاصلين علي الحرمان مكان الانتفاع او لما قالوا اغدوا علي حرثكم وقد خبثت نيتهم عاقبهم الله بان حاردت جنتهم ,False,0538JarAllahZamakhshari.Kashshaf
68719583791,2,Shamela0023613-ara1.ms4440,وضمن الغدو معني الاقبال فلهذا عدي بعلي اي اقبلوا علي حرثكم باكرين او عبر عن الغدو لاجل الصرم بالغدو عليه كما يقال غدا عليهم العدو يتخافتون يتسارون فيما بينهم والنهي عن الدخول للمسكين نهي لاصحاب الجنة عن تمكين المسكين منه كانهم قالوا فيما بينهم لا تمكنوه من الدخول قوله وغدوا علي حرد هو المنع ومنه حاردت السنة اذا منعت خيرها وحاردت الابل اذا منعت درها اي قادرين علي منع المساكين لا غير يعني انهم عزموا علي حرمان المساكين مع كونهم قادرين علي نفعهم وغدوا بحال فقر وذهاب ثمر لا يقدرون فيها الا علي النكد والمنع وفيه انهم طلبوا حرمان الفقراء فعورضوا بنقيض مقصودهم فتعجلوا الحرمان والمسكنة ويجوز ان تكون المحاردة للجنة اي غدوا حاصلين علي منع الجنة خيرها لا علي اصابة النفع منها ويجوز ان لا يكون قوله علي حرد صلة قادرين ولكن الكل يعود الي قوله ان اغدوا علي حرثكم اي عاقبهم الله بان حاردت جنتهم ,False,0730NizamDinNaysaburi.GharaibQuran
68719583793,4,Shamela0023635-ara1.ms9084,فتنادوا مصبحين ان اغدوا علي حرثكم ان كنتم صارمين قال مقاتل لما اصبحوا قال بعضهم لبعض اغدوا علي حرثكم ويعني بالحرث الثمار والزروع والاعناب ولذلك قال صارمين لانهم ارادوا قطع الثمار من هذه الاشجار فان قيل لم لم يقل اغدوا الي حرثكم وما معني علي قلنا لما كان الغدو اليه ليصرموه ويقطعوه كان غدوا عليه كما تقول غدا عليهم العدو ويجوز ان يضمن الغدو معني الاقبال كقولهم يغدي عليهم بالجفنة ويراح اي فاقبلوا علي حرثكم باكرين سورة القلم اية فانطلقوا وهم يتخافتون اي يتسارون فيما بينهم وخفي وخفت وخفد ثلاثتها في معني كتم ومنه الخفدود للخفاش قال ابن عباس غدوا اليها بصدفة يسر بعضهم الي بعض الكلام لءلا يعلم احد من الفقراء والمساكين ثم قال تعالي سورة القلم اية ان لا يدخلنها اليوم عليكم مسكين ان مفسرة وقرا ابن مسعود بطرحها باضمار القول اي يتخافتون يقولون لا يدخلها والنهي للمسكين عن الدخول نهي لهم عن تمكينه منه اي لا تمكنوه من الدخول حتي يدخل كقولك لا ارينك هاهنا ثم قال سورة القلم اية وغدوا علي حرد قادرين وفيه اقوال الاول الحرد المنع يقال حاردت السنة اذا قل مطرها ومنعت ريعها وحاردت الناقة اذا منعت ,False,0606FakhrDinRazi.MafatihGhayb
68719583793,4,Shamela0001394-ara1.ms1727,فتنادوا مصبحين نادي بعضم بعضا عند الصباح ان اغدوا علي حرثكم ان كنتم صارمين ان اغدوا باكروا علي حرثكم ولم يقل الي حرثكم لان الغدو اليه ليصرموه كان غدوا عليه او ضمن الغدو معني الاقبال اي فاقبلوا علي حرثكم باكرين ان كنتم صارمين مريدين صرامه فانطلقوا وهم يتخافتون فانطلقوا ذهبوا وهم يتخافتون يتسارون فيما بينهم لءلا يسمع المساكين ان لا يدخلنها اليوم عليكم مسكين ان لا يدخلنها اي الجنة وان مفسرة وقرء بطرحها باضمار القول اي يتخافتون يقولون لا يدخلنها اليوم عليكم مسكين والنهي عن دخول المساكين نهي عن التمكين اي لا تمكنوه من الدخول اليوم عليكم مسكين والنهي عن دخول المساكين نهي عن التمكين اي لا تمكنوه من الدخول وغدوا علي حرد قادرين ,False,0710IbnAhmadHafizDinNasafi.Tafsir
68719583793,4,Shamela0023613-ara1.ms4440,وضمن الغدو معني الاقبال فلهذا عدي بعلي اي اقبلوا علي حرثكم باكرين او عبر عن الغدو لاجل الصرم بالغدو عليه كما يقال غدا عليهم العدو يتخافتون يتسارون فيما بينهم والنهي عن الدخول للمسكين نهي لاصحاب الجنة عن تمكين المسكين منه كانهم قالوا فيما بينهم لا تمكنوه من الدخول قوله وغدوا علي حرد هو المنع ومنه حاردت السنة اذا منعت خيرها وحاردت الابل اذا منعت درها ,False,0730NizamDinNaysaburi.GharaibQuran
68719583793,4,Sham19Y0020891-ara1.ms6475,صارمين حاصدين فان قلت هلا قيل اغدوا الي حرثكم وما معني علي قلت لما كان الغدو اليه ليصرموه ويقطعوه كان غدوا عليه كما تقول غدا عليهم العدو ويجوز ان يضمن الغدو معني الاقبال كقولهم يغدي عليه بالجفنة ويراح اي فاقبلوا علي حرثكم باكرين يتخافتون يتسارون فيما بينهم وخفي وخفت وخفد ثلاثتها في معني الكتم ومنه الخفدود للخفاش ان لا يدخلنها ان مفسرة وقرا ابن مسعود بطرحها باضمار القول اي يتخافتون يقولون لا يدخلنها والنهي عن الدخول للمسكين نهي لهم عن تمكينه منه اي لا تمكنوه من الدخول حتي يدخل كقولك لا ارينك هاهنا الحرد من حاردت السنة اذا منعت خيرها وحاردت الابل اذا منعت درها ,False,0743SharafDinTibi.FutuhGhayb
68719583794,2,Shamela0023635-ara1.ms9083,انها لما احترقت كانت شبيهة بالمصرومة في هلاك الثمر وان حصل الاختلاف في امور اخر فان الاشجار اذا احترقت فانها لا تشبه الاشجار التي قطعت ثمارها الا ان هذا الاختلاف وان حصل من هذا الوجه لكن المشابهة في هلاك الثمر حاصلة وثانيها قال الحسن اي صرم عنها الخير فليس فيها شء وعلي هذين الوجهين الصريم بمعني المصروم وثالثها الصريم من الرمل قطعة ضخمة تنصرم عن ساءر الرمال وجمعه الصراءم وعلي هذا شبهت الجنة وهي محترقة لا ثمر فيها ولا خير بالرملة المنقطعة عن الرمال وهي لا تنبت شيءا ينتفع به ,False,0606FakhrDinRazi.MafatihGhayb
68719583794,2,Shamela0023613-ara1.ms4440,انها لما احترقت كانت شبيهة بالمصرومة في هلاك الثمرة وان كان اثر الاحتراق مغايرا لاثر الصرم وقال الحسن اي صرم عنها الخير وقيل الصريم من الرمل قطعة ضخمة تنصرم عن ساءر الرمال وجمعه الصراءم شبهت الجنة وهي محترقة لا ثمر فيها ولا خير بالرملة المنقطعة عن الرمال وهي ما لا تنبت شيءا ينتفع به ,False,0730NizamDinNaysaburi.GharaibQuran
68719583795,10,ShamAY0034052-ara1.ms2394,فان قلت هلا قيل اغدوا الي حرثكم وما معني علي قلت لما كان الغدو اليه ليصرموه ويقطعوه كان غدوا عليه كما تقول غدا عليهم العدو ويجوز ان يضمن الغدو معني الاقبال كقولهم يفدي عليه بالجفنة ويراح اي فاقبلوا علي حرثكم باكرين ,False,0538JarAllahZamakhshari.Kashshaf
68719583795,10,Shamela0023635-ara1.ms9084,فتنادوا مصبحين ان اغدوا علي حرثكم ان كنتم صارمين قال مقاتل لما اصبحوا قال بعضهم لبعض اغدوا علي حرثكم ويعني بالحرث الثمار والزروع والاعناب ولذلك قال صارمين لانهم ارادوا قطع الثمار من هذه الاشجار فان قيل لم لم يقل اغدوا الي حرثكم وما معني علي قلنا لما كان الغدو اليه ليصرموه ويقطعوه كان غدوا عليه كما تقول غدا عليهم العدو ويجوز ان يضمن الغدو معني الاقبال كقولهم يغدي عليهم بالجفنة ويراح اي فاقبلوا علي حرثكم باكرين ,False,0606FakhrDinRazi.MafatihGhayb
68719583795,10,Shamela0023613-ara1.ms4440,قال مقاتل لما اصبحوا قال بعضهم لبعض اغدوا علي حرثكم وعنوا بالحرث الزرع والثمار والاعناب ولذلك قالوا صارمين لانهم ارادوا قطع الثمار من هذه الاشجار وضمن الغدو معني الاقبال فلهذا عدي بعلي اي اقبلوا علي حرثكم باكرين او عبر عن الغدو لاجل الصرم بالغدو عليه كما يقال غدا عليهم العدو ,False,0730NizamDinNaysaburi.GharaibQuran
68719583795,10,Sham19Y0020891-ara1.ms6475,فان قلت هلا قيل اغدوا الي حرثكم وما معني علي قلت لما كان الغدو اليه ليصرموه ويقطعوه كان غدوا عليه كما تقول غدا عليهم العدو ويجوز ان يضمن الغدو معني الاقبال كقولهم يغدي عليه بالجفنة ويراح اي فاقبلوا علي حرثكم باكرين ,False,0743SharafDinTibi.FutuhGhayb
68719583795,10,Shamela0023591-ara1.completed.ms6619,قال الزمخشري فان قلت هلا قيل اغدوا علي حرثكم وما معني علي قلت لما كان الغدو اليه ليصرموه ويقطعوه كان غدوا عليه كما تقول غدا عليهم العدو ويجوز ان يضمن الغد ومعني الاقبال كقولهم يغدي عليه بالجفنة ويراح اي فاقبلوا علي حرثكم باكرين انتهي واستسلف الزمخشري ان غدا يتعدي بالي ويحتاج ذلك الي نقل بحيث يكثر ذلك فيصير اصلا فيه ويتاول ما خالفه والذي في حفظي انه معدي بعلي كقول الشاعر بكرت عليه غدوة فرايته قعودا عليه بالصريم عوادله ان كنتم صارمين ,False,0745AbuHayyanGharnati.TafsirBahrMuhit
68719583795,10,Tafsir08090-ara1.ms1626,قال الزمخشري فان قلت هلا قيل اغدوا الي حرثكم وما معني علي قلت لما كان الغدو اليه ليصرموه ويقطعوه كان غدوا عليه كما تقول غدا عليهم العدو ويجوز ان يضمن الغدو معني ,False,0745AbuHayyanGharnati.TafsirNahrMadd
68719583795,10,Tafsir02079-ara1.ms3644,ما هو بمعني القول قال الزمخشري فان قلت هلا قيل اغدوا الي حرثكم وما معني علي قلت لما كان الغدو اليه ليصرموه ويقطعوه كان غدوا عليه كما تقول غدا عليهم العدو ويجوز ان يضمن الغدو معني الاقبال كقولهم يغدي عليهم بالجفنة ويراح انتهي فجعل غدا متعديا في الاصل ب الي فاحتاج الي تاويل تعديه ب علي وفيه نظر لورود تعديه ب علي في غير موضع كقوله وقد اغدو علي ثبة كرام نشاوي واجدين لما نشاء واذا كانوا قد عدوا مرادفه ب علي فليعدوه بها ومرادفه بكر تقول بكرت عليه وغدوت عليه بمعني واحد قال بكرت عليه غدوة فرايته قعودا لديه بالصريم عواذله و ان كنتم صارمين جوابه محذوف اي فاغدوا وصارمين قاطعين جاذين وقيل ماضين في العزم من قولك ,False,0756IbnYusufSaminHalabi.DurrMasun
68719583795,10,JK009266-ara1.ms8969,فتنادوا مصبحين قال مقاتل لما اصبحوا قال بعضهم لبعض غدوا علي حرثكم يعني بالحرث الثمار والزروع والاعناب ولذلك قال صارمين لاانهم ارادوا قطع الثمار من الاشجار ان اغدوا يجوز ان تكون المصدرية اي تنادوا بهذا الكلام وان تكون المفسرة لانهتقدمها ما هو بمعني القول قال الزمخشري فان قلت هلا قيل اغدوا الي حرثكم وما معني علي قلت لما كان الغدو اليه ليصرموه ويقطعوه كان غدوا عليه كما تقول غدا عليهم العدو ويجوز ان يضمن الغدو معني الاقبال كقولهم يغدي عليهم بالجفنة ويراح انتهي فجعل غدا متعديا في الاصل ب الي فاحتاج الي تاويل تعديه ب علي وفيه نظر لورود تعدية ب علي في غير موضع كقوله الوافر وقد اغدو علي ثبة كرام نشاوي واجدين لما نشاء واذا كانوا قد عردوا مرادفه ب علي فليعدوه بها ومرادفه بكر تقول بكرت عليه و غدوت عليه بمعني واحد قال الطويل بكرت عليه غدوة فرايته قعودا اليه بالصريم عواذله قوله ان كنتم صارمين جوابه محذوف اي فاغدوا و صارمين قاطعين حادين وقيل ماضين العزم من قولك ,False,0800IbnCadilHanbali.LubabFiCulumKitab
68719583795,10,ShamAY0034068-ara2.ms3843,قال مقاتل لما اصبحوا قال بعضهم لبعض اغدوا علي حرثكم يعني بالحرث الثمار والزروع والاعناب ولذلك قال صارمين لانهم ارادوا قلع الثمار من الاشجار قال الزمخشري فان قلت هلا قال اغدوا الي حرثكم وما معني علي قلت لما كان الغدو اليه ليصرموه ويقطعوه كان غدوا عليه كما تقول غدا عليهم العدو قال الزمخشري ويجوز ان يضمن الغدو معني الاقبال اي فاقبلوا علي حرثكم ان كنتم صارمين ,False,0977KhatibShirbini.SirajMunir
68719583795,10,Tafsir07057-ara1.ms5151,النهار اي في اوله قال صاحب الكشاف فان قلت هلا قيل اغدوا الي حرثكم وما معني علي قلت لما كان الغدو اليه ليصرموه ويقطعوه كان غدوا عليه كما تقول غدا عليهم العدو ويجوز ان يضمن الغدو معي الاقبال كقولهم يغدي عليه بالجفنة ويراح اي فاقبلوا علي حرثكم باكرين وجواب الشرط في قوله ان كنتم صارمين ,False,1431MuhammadSayyidTantawi.TafsirWasit
68719592971,4,ShamAY0031687-ara1.ms0679,خلف ابو الربيع امام مسجد ابن ابي عروبة ثنا انس بن مالك قال قال رسول الله صلي الله عليه وسلم يستقبلكم وتستقبلون ثلاث مرات فقال عمر بن الخطاب يا رسول الله وحي نزل قال لا قال عدو حضر قال لا ,False,0311IbnKhuzaymaNaysaburi.Sahih
68719592971,4,Shamela0010480-ara1.ms0871,خلف ابو الربيع امام مسجد ابن ابي عروبة عن انس اسناده ضعيف اخبرنا ابو حفص عمر بن محمد المءدب ان ابا بكر محمد بن عبد الباقي الانصاري اخبرهم ابنا ابو الحسن علي هو ابن ابراهيم بن عيسي المقرء ثنا ابو بكر احمد بن جعفر بن حمدان املاء ثنا ابو مسلم ابراهيم بن عبد الله ثنا مسلم بن ابراهيم ثنا عمرو بن حمزة القيسي ابو اسيد ثنا خلف ,False,0643DiyaDinMuqaddasi.AhadithMukhatara
68719592971,4,Shamela0010480-ara1.ms0872,خلف ابو الربيع امام مسجد ابن ابي عروبة قال ثنا انس بن مالك قال قال رسول الله صلي الله عليه وسلم ماذا يستقبلكم وتستقبلون ثلاث مرات فقال عمر بن الخطاب يا رسول الله وحي نزل قال لا قال عدو حضر قال لا قال فماذا قال ان الله يغفر في اول ليلة من شهر رمضان ,False,0643DiyaDinMuqaddasi.AhadithMukhatara
68719592971,4,Shamela0026324-ara1.ms0264,خلف ابو الربيع امام مسجد ابن ابي عروبة عن انس حديث خز ماذا يستقبلكم او تستقبلون ثلاثا فقال عمر وحي نزل قال لا قال عدو حضر قال لا في فضل شهر رمضان خز في الصوم ثنا محمد بن رافع ثنا زيد بن الحباب ثنا عمرو بن حمزة القيسي ثنا خلف ,False,0852IbnHajarCasqalani.IthafMahara
68719602864,7,JK000624-ara1.ms360,ثنا محمد بن احمد بن ابراهيم عن هشام بن خالد عن الوليد بن مسلم عن رجل عن مكحول عن كعب قال بطرسوس من قبور الانبياء عشرة وبالمصيصة خمسة وهي التي تغزوها الروم في اخر الزمان فيمرون بها فيقولون اذا رجعنا من بلاد الشام اخذنا هءلاء اخذا فيرجعون وقد تحلقت بين السماء والارض قال كعب وبالثغور وبانطاكية قبر حبيب النجار وبحمص ثلاثون قبرا وبدمشق خمس مءة قبر وببلاد الاردن مثل ذلك ,False,0414AbuQasimRazi.Fawaid
68719602864,7,Shamela0026527-ara1.ms21,اسحاق بن ابراهيم الاذرعي حدثنا محمد بن هشام بن خالد عن الوليد يعني ابن مسلم عن سعيد بن عبد العزيز عن مكحول عن كعب قال بطرسوس من قبور الانبياء عشرة وبالمصيصة خمسة وهي التي تغزوها الروم في اخر الزمان فيمرون فيقولون اذا رجعنا من بلاد الشام اخذنا هءلاء فيرجعون وقد علقت بين السماء والارض قال كعب وبالثغور وسواحل الشام من قبور الانبياء الف قبر وبانطاكية قبر حبيب النجار ,False,0444IbnAbiHawl.FadailSham
68719602864,7,ShamAY0033632-ara1.ms152,اسحاق بن ابراهيم الاذرعي قال ثنا محمد بن الخضر عن هشام بن خالد عن الوليد بن مسلم عن سعيد عن مكحول عن كعب قال بطرسوس من قبور الانبياء عشرة وبالمصيصة خمسة وبسواحل الشام من قبور الانبياء الف قبر وبانطاكية قبر حبيب النجار وبحمص ثلاثون قبرا وبدمشق خمسماءة قبر وببلاد الاردن مثل ذلك ,False,0492IbnMurajjaMaqdisi.FadailBaytMaqdis
68719602864,7,JK000916-ara1.mARkdown.ms21506,محمد بن احمد بن ابراهيم عن هشام بن خالد عن الوليد بن مسلم عن رجل عن مكحول عن كعب قال بطرسوس من قبور الانبياء عشرة وبالمصيصة خمسة ,False,0571IbnCasakir.TarikhDimashq
68719602864,7,Shamela0010798-ara1.completed.ms0281,اسحاق بن ابراهيم الاذرعي قال حدثنا محمد بن الخضر عن هشام بن خالد عن الوليد بن مسلم عن سعيد يعني بن عبد العزيز عن مكحول عن كعب قال بطرسوس من قبور الانبياء عشرة وبالمصيصة خمسة وبسواحل الشام من قبور الانبياء الف قبر وبانطاكية قبر حبيب النجار ,False,0660IbnCadim.BughyatTalab
68719602864,7,Shamela0003118-ara1.completed.ms6190,كعب قال بطرسوس من قبور الانبياء عشرة وبالمصيصة خمسة وهي التي يغزوها الروم في اخر الزمان فيمرون بها فيقولون اذا رجعنا من بلاد الشام اخذنا هءلاء اخذا فيرجعون وقد تحلقت بين السماء والارض وبالثغور وانطاكية قبر حبيب النجار وبحمص ثلاثون قبرا وبدمشق خمس مءة قبر وببلاد الاردن مثل ذلك ,False,0711IbnManzurIfriqi.MukhtasarTarikhDimashq
68719602864,7,Sham19Y0014045-ara1.ms276,بن عبد الله الخثعمي وبسنده عن مكحول عن كعب قال بطرسوس من قبور الانبياء عشرة وبالمصيصة خمسة وبالثغور من سواحل الشام من قبور الانبياء الف قبر وبانطاكية قبر حبيب النجار ,False,0880IbnAhmadShamsDinAsyuti.IthafAkhissa
68719611774,4,Shamela0000131-ara1.mARkdown.ms1655,واستناب قراسنقر بمصر مدة ثم انه قبض عليه واستناب منكوتمر مملوكه علي ما تقدم وجعل قبجق ناءب دمشق وجهز الملك الناصر الي الكرك وقال لو علمت انهم يخلون الملك لك والله تركته ولكنهم ما يخلونه وانا مملوكك ومملوك والدك احفظ لك الملك فانت تروح الي الكرك الي ان تترعرع وترتجل وتتخرج وتدرب الامور وتعود الي ملكك بشرط انك تعطيني دمشق واكون بها مثل صاحب حماة فقال له السلطان فاحلف لي انك تبقي علي نفسي وانا اروح فحلف كل منهما علي ذلك وتوجه السلطان واقام بالكرك الي ان ,False,0764Safadi.AcyanCasr
68719611774,4,JK003609-ara1.mARkdown.ms1029,واستناب بمصر الامير شمس الدين قراسنقر ثم قبض عليه واستناب مملوكه منكوتمر وجعل الامير سيف الدين قبجق ناءبا بدمشق وجهز السلطان الناصر الي الكرك وقال له المنصور لو علمت انهم يخلون الملك لك والله لتركته ولكنهم لا يخلونه لك وانا مملوكك ومملوك والدك احفظ لك الملك وانت الان تروح الي الكرك الي ان تترعرع وترتجل وتتخرج وتجرب الامور وتعود الي ملكك بشرط انك تعطيني دمشق واكون بها مثل صاحب حماة فيها فقال له السلطان الملك الناصر فاحلف لي ان تبقي علي نفسي وانا اروح وحلف كل منهما علي ما اراده الاخر ولما توجه الي الكرك اقام ,False,0764Safadi.WafiBiWafayat
68719611774,4,Shamela0006667-ara1.mARkdown.ms0549,السلطان للملك الناصر محمد بن قلاوون لو علمت انهم يخلوك سلطانا والله تركت الملك لك لكنهم لا يخلونه لك وانا مملوكك ومملوك والدك احفظ لك الملك وانت الان تروح الي الكرك الي ان تترعرع وترتجل وتتحرج وتجرب الامور وتعود الي ملكك بشرط انك تعطيني دمشق واكون بها مثل صاحب حماة فيها فقال له الناصر فاحلف لي ان تبقي علي نفسي وانا اروح فحلف كل منهما علي ما اراده الاخر فخرج الناصر ,False,0845Maqrizi.Suluk
68719611774,4,Shamela0006669-ara1.completed.ms137,الملك العادل كتبغا الناصر الي الكرك بعد ان قال له لو علمت انهم يخلون لك الملك والله تركته ولكنهم لا يخلوه لك وانا مملوكك ومملوك والدك احفظ لك الملك وانت الان تروح الي الكرك الي ان تترعرع وترتجل وتجرب الامور وتعود الي ملكك بشرط انك تعطيني دمشق واكون بها مثل صاحب حماة فقال له الملك الناصر نعم فاحلف لي انك تبقي علي نفسي وانا اروح فحلف كل منهما علي ما اراده الاخر وتوجه الملك الناصر محمد الي الكرك واقام به الي ان ,False,0874IbnTaghribirdi.MawridLatafa
68719621688,2,ShamAY0034059-ara1.ms7416,يدل علي تكرير الشء مرتين او جعله شيءين متوالين او متبايين والاستثناء من قياس الباب وذلك ان ذكره يثني مرة في الجملة ومرة في التفصيل لانك اذا قلت ,False,1127IsmacilHaqqiBurusawi.RuhBayan
68719621688,2,Shamela0002573-ara1.ms0196,يدل علي تكرير الشء مرتين او جعله ثنتين متواليتين او متناءيتين ولفظ الاستثناء من قياس الباب وذلك ان ذكره يثني مرة في الجملة ومرة في التفصيل لانك اذا قلت ,False,1158IbnCaliFaruqiTahanawi.KashshafIstalahat
68719655290,4,Shamela0007853-ara1.completed.ms0143,جعفر بن محمد الصادق رضي الله عنه سءل لم صار الناس يكلبون ايام الغلاء علي الطعام ويزيد جوعهم علي العادة في الرخص قال لانهم بنو الارض فاذا قحطت قحطوا واذا اخصبت اخصبوا ,False,0421AbuSacdAbi.NathrDurr
68719655290,4,Shia003707Vols-ara1.completed.ms0705,الابي سءل جعفر بن محمد عليه السلام لم صار الناس يكلبون في ايام الغلا علي الطعام ويزيد جوعهم علي العادة في الرخص قال لانهم بنو الارض فاذا قحطت قحطوا واذا اخصبت اخصبوا ,False,0693IbnAbiFathIrbili.KashfGhumma
68719655290,4,Shia001615Vols-ara1.ms1319,الصادق عليه السلام لم صار الناس يكلبون ايام الغلا علي الطعام ويزيد جوعهم علي العادة في الرخص قال لانهم بنو الارض فاذا قحطت قحطوا واذا خصبت خصبوا ,False,1405CaliShahrudi.MustadrakSafinatBihar
68719655290,4,Shia001615Vols-ara1.ms2781,الابي سالت جعفر بن محمد عليه السلام لم صار الناس يكلبون ايام الغلاء علي الطعام ويزيد جوعهم علي العادة في الرخص قال لانهم بنو الارض فاذا قحطت قحطوا واذا خصبت خصبوا ,False,1405CaliShahrudi.MustadrakSafinatBihar
68719660945,8,Shamela0001686-ara1.completed.ms0991,اليهم والي غيرهم حتي رفع الله ذلك قال اخبرنا محمد بن عمر قال حدثني حزام بن هشام عن ابيه قال رايت عمر بن الخطاب عام الرمادة مر علي امراة وهي تعصد عصيدة لها فقال ليس هكذا تعصدين ثم اخذ المسوط فقال هكذا فاراها قال اخبرنا محمد بن عمر قال حدثني موسي بن يعقوب عن عمته عن هشام ابن خالد قال سمعت عمر بن الخطاب يقول لا تذرن احداكن الدقيق حتي يسخن الماء ثم تذره قليلا قليلا وتسوطه بمسوطها فانه اريع له واحري ان لا يتقرد قال اخبرنا محمد بن عمر قال حدثني عبد الله بن يزيد عن عياض بن خليفة قال رايت عمر عام الرمادة وهو اسود اللون ولقد كان ابيض فنقول مم ذا فيقول كان رجلا عربيا وكان ياكل السمن واللبن فلما امحل الناس حرمها حتي يحيوا فاكل بالزيت فغير لونه وجاع اكثر قال ,False,0230IbnSacd.TabaqatKubra
68719660945,8,Shamela0009773-ara1.mARkdown.ms2860,اليهم والي غيرهم حتي رفع الله ذلك حدثني محمد بن سعد ثنا الواقدي عن حزام بن هشام عن ابيه قال رايت عمر بن الخطاب عام الرمادة مر علي امراة وهي تعصد عصيدة لها فقال ليس هكذا واخذ المسوط فقال هكذا واراها حدثني محمد بن سعد عن الواقدي وحدثني موسي بن يعقوب عن عمه عن هشام بن خالد قال سمعت عمر بن الخطاب رضي الله تعالي عنه عام الرمادة يقول لا تذرن احداكن الدقيق حتي يسخن الماء ثم تذروه قليلا قليلا وتسوطه بمسوطها فانه اريع له واحري ان لا يتقرد حدثني محمد بن سعد عن الواقدي عن عبد الله بن يزيد عن عياض بن خليفة قال رايت عمر رضي الله تعالي عنه عام الرمادة وهو اسود اللون وعهدته قبل ذلك ابيض فقلت لم اسود فقيل انه كان ياكل السمن واللبن فلما امحل الناس حرمهما حتي يحيوا فاكل الزيت فغير لونه وجاع فاكثر وقال ,False,0279Baladhuri.AnsabAshraf
68719660945,8,Shamela0009783BK1-ara1.mARkdown.ms1695,اليهم والي غيرهم حتي رفع الله ذلك حدثني الحارث قال حدثنا ابن سعد قال اخبرنا محمد بن عمر قال اخبرني موسي بن يعقوب عن عمه عن هشام بن خالد قال سمعت عمر بن الخطاب رضي الله تعالي عنه يقول لا تذرن احداكن الدقيق حتي يسخن الماء ثم تذره قليلا قليلا وتسوطه بمسوطها فانه اريع له واحري الا يتقرد حدثني الحارث قال حدثنا ابن سعد قال اخبرنا محمد بن مصعب القرقساني قال حدثنا ابو بكر بن عبد الله بن ابي مريم عن راشد بن سعد ان عمر بن الخطاب ,False,0310Tabari.Tarikh
68719660945,8,Sham19Y0127677-ara1.ms03181,الناس ابن سعد عن حزام بن هشام بن خالد قال سمعت عمر بن الخطاب يقول لا تذرن احداكن الدقيق حتي يسخن الماء ثم تذره قليلا قليلا وتسوطه بمسوطها فانه اريع له واحري ان لا يتقرد ابن سعد عن اسلم قال كنا نقول لو لم يرفع الله المحل عام الرمادة لظننا ان عمر يموت هما بامر المسلمين ابن سعد عن فراس الديلي قال كان عمر بن الخطاب ,False,0911Suyuti.JamicKabir
68719660945,8,Shia002265Vols-ara1.ms4121,ابن سعد عن حزام بن هشام عن ابيه قال رايت عمر بن الخطاب عام الرمادة مر علي امراة وهي تعصد عصيدة لها فقال ليس هكذا تعصدين ثم اخذ المسوط فقال هكذا فاراها ابن سعد عن هشام بن خالد قال سمعت عمر بن الخطاب يقول لا تذرن احداكن الدقيق حتي يسخن الماء ثم تذره قليلا قليلا وتسوطها بمسوطها فانه اريع لها واحري ان لا يتقرد ابن سعد مسند عمر عن الحسن قال خرج عمر بن الخطاب ,False,0975MuttaqiHindi.KanzCummal
68719660945,8,Sham19Y0145435-ara1.ms2028,اليهم والي غيرهم حتي رفع الله ذلك حدثني الحارث قال حدثنا ابن سعد قال اخبرنا محمد بن عمر قال اخبرني موسي بن يعقوب عن عمه عن هشام بن خالد قال سمعت عمر بن الخطاب رضي الله تعالي عنه يقول لا تذرن احداكن الدقيق حتي يسخن الماء ثم تذره قليلا قليلا وتسوطه بمسوطها فانه اريع له واحري الا يتقرد حدثني الحارث قال حدثنا ابن سعد قال اخبرنا محمد بن مصعب القرقساني قال حدثنا ابو بكر بن عبد الله بن ابي مريم عن راشد بن سعد ان عمر بن الخطاب ,False,1411MuhammadTahirBarnaji.SahihWaDacifTarikhTabari
68719660945,8,JK009390-ara1.completed.ms4021,عن هشام بن خالد قال سمعت عمر بن الخطاب رضي الله عنه يقول لا تذرن احداكن الدقيق حتي يسخن الماء ثم تذره قليلا قليلا ,False,1423CabbasAhmadSaqr.JamicAhadith
68719660945,8,Shamela0001438-ara1.completed.ms5039,الماء ابن عبد الحكم كنز العمال عن حزام بن هشام بن خالد قال سمعت عمر بن الخطاب يقول لا تذرن احداكن الدقيق حتي يسخن الماء ثم تذره قليلا قليلا وتسوطها بمسوطها فانه اريع لها واحري ان لا يتقرد ابن سعد كنز العمال اخرجه ابن سعد عن عباية بن الرداد قال سمعت عمر بن الخطاب ,False,1450DarIftaMisriyya.JamicAhadith
68719660946,2,Sham19Y0127677-ara1.ms03181,ابن سعد عن حزام بن هشام بن خالد قال سمعت عمر بن الخطاب يقول لا تذرن احداكن الدقيق حتي يسخن الماء ثم تذره قليلا قليلا ,False,0911Suyuti.JamicKabir
68719660946,2,JK009390-ara1.completed.ms4021,ابن سعد عن حزام بن هشام عن ابيه قال رايت عمر ابن الخطاب رضي الله عنه عام الرمادة مر علاي امراة وهي تعصد عصيدة لها فقال ليس هاكذا تعصدين ثم اخذ المسوط فقال هاكذا فاراها ابن سعد عن هشام بن خالد قال سمعت عمر بن الخطاب رضي الله عنه يقول لا تذرن احداكن الدقيق حتي يسخن الماء ثم تذره قليلا قليلا ,False,1423CabbasAhmadSaqr.JamicAhadith
68719667098,2,Shamela0035100-ara1.mARkdown.ms10013,فنزل اليهم ووافقهم وتزوج منهم قلت وكانت امه ايضا خوارزمية ثم طلع الي الكرك واستولي حينءذ علي القدس ونابلس وتلك الناحية وهرب منه نواب صاحب مصر ثم راسلت الخوارزمية الملك الصالح اسماعيل وحلفوا له فسار اليهم واتفقت كلمة الجميع ,False,0748Dhahabi.TarikhIslam
68719667098,2,JK001330-ara1.mARkdown.ms1375,فنزل اليهم ووافقهم وكانت امه ايضا خوارزمية وتزوج منهم ثم طلع الي الكرك واستولي حينءذ علي القدس ونابلس وتلك الناحية وهرب منه نواب صاحب مصر ثم راسلت الخوارزمية الملك الصالح اسماعيل وهو في بعلبك وحلفوا له فسار اليهم واتفقت كلمة الجميع ,False,0874IbnTaghribirdi.NujumZahira
68719677163,6,Shamela0023594-ara1.ms2045,القاءل زنيم تداعاه الرجال زيادة كما زيد في عرض الاديم الاكارع ويقال الزنيم الشديد الخلق وروي شهر بن حوشب عن عبد الرحمن بن غنم يرفعه الي النبي صلي الله عليه وسلم قال لا يدخل الجنة جواظ ولا جعظري ولا العتل الزنيم قال اما الجواظ فالذي جمع ومنع وتدعوه لظي نزاعة للشوي اي الشديد الخلق رحيب الجوف واما الجعظري فالفظ الغليظ واما العتل الزنيم صحيح اكول شروب ظلوم للناس ويقال الزنيم الدعي وذكر انه لما نزلت هذه الاية قال لامه ان محمدا لصادق وانه قال كذا وكذا فاقرت والدته له بذلك ثم قال ان كان ذا مال وبنين يعني فلا تطعه وان كان ذا مال وبنين يعني لا تطعه بسبب ماله ثم قال اذا تتلي عليه اياتنا يعني القران قال اساطير الاولين يعني كذبهم واباطيلهم وقال السدي يعني اساجيع الاولين ثم قال سنسمه علي الخرطوم يعني سنضربه علي الوجه ويقال ,False,0367AbuLaythSamarqandi.BahrCulum
68719677163,6,JK006476-ara1.ms1884,الشاة قال حسان في الزنيم زنيم تداعاه الرجال زيادة كما زيد في عرض الاديم الاكاريع القلم ان كان ذا قوله تعالي ان كان ذا مال وبنين وقرء اان كان فقوله ان اي لان كان ذا مال وبنين يفعل كذا ويقول كذا اي لاجل انه وقوله اان كان اي ولا تطعه وان كان ذا مال وبنين القلم اذا تتلي عليه وقوله اذا تتلي عليه اياتنا قال اساطير الاولين قد بينا والاساطير واحدها اسطورة وقال الكساءي ترهات من الكلام لا نظام لها القلم سنسمه علي الخرطوم وقوله تعالي سنسمه علي الخرطوم قال ابو عبيدة والمبرد وغيرهما الخرطوم الانف ومعناه يجعل علي انفه سمة يعرف بها انه من اهل النار قال جرير لما وضعت علي الفرزدق ميسمي وعلي البعيث جدعت انف الاخطل ويقال معني قوله سنسمه علي الخرطوم ,False,0489IbnMuhammadSamcani.TafsirQuran
68719677163,6,Shamela0012820-ara1.ms604,ولا تطع لان كان ذا مال اي لان كان ذا مال تطيعه العجيب عتل لان كان ذا مال وبنين اي لاجل ماله وبنيه وهذا لا يجوز لان اسم الفاعل اذا وصف لم يعمل وعتل وصف لقوله زنيم قوله سنسمه علي الخرطوم الخرطوم الانف واجراه بعضهم علي الظاهر وقال اصابه يوم بدر جراحة فبقي اثرها علي انفه وقيل هو من قوله يوم تبيض وجوه وتسود وجوه الغريب هو استعارة عن العار والشنار كما قال لما وضعت علي الفرزدق ميسمي وعلي البعيث جدعت انف الاخطل العجيب النضر بن شميل سنحده علي شرب الخرطوم ,False,0505IbnHamzaTajQurraKirmani.GharaibTafsir
68719677163,6,Shamela0037538-ara1.ms260,الشاة وقال محمد بن اسحاق نزلت في الاخنس بن شريق زنيم تداعاه الرجال زيادة كما زيد في عرض الاديم الاكارع وقال اخر وانت زنيم نيط في ال هاشم كما نيط خلف الراكب القدح الفرد ءان كان ذا مال وبنين فيه حذف واضمار الاضمار في اوله اي الان كان ذا مال والحذف في اخره اي الا ن كان ذا مال يطيعه او يطاع سنسمه علي الخرطوم سنقبح ذكره ونصفه بخزي يبقي عليه عارا كما قال جرير لما وضعت علي الفرزدق ميسمي وضغا البعيث جدعت انف الاخطل وقال ,False,0553BayanHaqqNaysaburi.BahirBurhan
68719677163,6,Shamela0023591-ara1.completed.ms6608,الدعي قال حسان زنيم تداعاه الرجال زيادة كما زيد في عرض الاديم الاكارع وقال ايضا وانت زنيم نيط في ال هاشم كما نيط خلف الراكب القدح الفرد والزنيم من الزنمة وهي الهنة من جلد الماعز تقطع فتخلي معلقة في حلقة سمي الدعي بذلك لانه زيادة معلقة بغير اهله وسمه جعل له سمة وهي العلامة تدل علي شء قال جرير لما وضعت علي الفرزدق ميسمي وعلي البعيث جدعت انف الاخطل الخرطوم ,False,0745AbuHayyanGharnati.TafsirBahrMuhit
68719677163,6,Shamela0023631-ara1.ms4514,ولا تطعه مع هذا المثالب لان كان ذا مال اي ليساره وحظه من الدنيا ويجوز ان يتعلق بما بعده علي معني لكونه متمولا مستظهرا بالبنين كذب باياتنا اذا تتلي عليه اياتنا اي تقرا عليه ايات كتابنا قال اساطير الاولين اي هذا مما كتبه الاولون استهزاء به وانكارا منه ان يكون ذلك من عند الله وقوله سنسمه علي الخرطوم عدة منه تعالي بغاية اذلاله بعد تناهي كبره وعجبه وزهوه وعتوه تقول العرب وسمته بميسم السوء يريدون انه الصق به من العار ما لا يفارقه قال جرير لما وضعت علي الفرزدق ميسمي وعلي البعيث جدعت انف الاخطل ,False,1332IbnMuhammadJamalDinQasimi.MahasinTawil
68719681572,4,Shamela0023629-ara1.ms0491,سورة يونس اية وما كان الناس الا امة واحدة فاختلفوا ولولا كلمة سبقت من ربك لقضي بينهم فيما فيه يختلفون وذلك من زمان ادم عليه السلام الي ان ,False,0465IbnHawazinQushayri.LataifIsharat
68719681572,4,Shamela0023588-ara1.ms0755,سورة يونس الايات الي وما كان الناس الا امة واحدة فاختلفوا ولولا كلمة سبقت من ربك لقضي بينهم فيما فيه يختلفون ويقولون لولا انزل عليه اية من ربه فقل انما الغيب لله فانتظروا اني معكم من المنتظرين وما كان الناس الا امة واحدة موحدين علي الفطرة او متفقين علي الحق وذلك في عهد ادم عليه السلام الي ان ,False,0685NasirDinBaydawi.AnwarTanzil
68719681572,4,Shamela0001394-ara1.ms0643,وما كان الناس الا امة واحدة فاختلفوا ولولا كلمة سبقت من ربك لقضي بينهم فيما فيه يختلفون وما كان الناس الا امة واحدة حنفاء متفقين علي ملة واحدة من غير ان يختلفوا بينهم وذلك في عهد ادم عليه السلام الي ان ,False,0710IbnAhmadHafizDinNasafi.Tafsir
68719681572,4,Sham19Y0020891-ara1.ms2645,وما كان الناس الا امة واحدة فاختلفوا ولولا كلمة سبقت من ربك لقضي بينهم فيما فيه يختلفون ويقولون لولا انزل عليه اية من ربه فقل انما الغيب لله فانتظروا اني معكم من المنتظرين وما كان الناس الا امة واحدة حنفاء متفقين علي ملة واحدة من غير ان يختلفوا بينهم وذلك في عهد ادم عليه السلام الي ان ,False,0743SharafDinTibi.FutuhGhayb
77309421690,3,Shamela0025841-ara1.mARkdown.ms268,الدولة احمد بن بويه بغداد فاختفي الخليفة وابن شيرزاد وضعفا عنه فتسللت الاتراك الي الموصل واقامت الديلم ببغداد ونزل معز الدولة بباب الشماسية وقدم له الخليفة التقاديم والتحف ثم دخل في جمادي الاولي الي خدمة الخليفة وبايعه فلقبه يومءذ معز الدولة ولقب اخوته عليا عماد الدولة والحسن ركن الدولة وضربت لهم السكة وظهر ابن شيرازاد واتي الي خدمة معز الدولة وخضع له واستوتقت المملكة لمعز الدولة فلما تمكن كحل المستكفي بالله وخلعه من الخلافة لان علم القهرمانة كانت تامر وتنهي وعملت دعوة عظيمة حضرها خرشيذ مقدم الديلم وعدة امراء فخاف معز الدولة من غاءلتها وايضا فان بعض الشيعة كان يثير الفتن فاذاه الخليفة وكان معز الدولة يتشيع فلما كان في شهر جمادي الاخرة دخل الامراء الي الخدمة ودخل معز الدولة فتقدم اثنان فطلبا من المستكفي رزقهما فمد لها يده ليقبلاها فجذباه الي الارض وسحباه فوقعت الضجة ونهبت دور الخلافة وقبضوا علي علم وعلي خواص الخليفة وساقوا الخليفة ماشيا الي دار معز الدولة وكانت خلافته سنة واربعة اشهر وصار ثلاثة خلفاء مسمولين وهو والذي قبله والقاهر ثم احضر معز الدولة ابا القاسم الفضل بن المقتدر بالله فبايعه ولقبه المطيع لله وله يومءذ اربع وثلاثون سنة وقرر له معز الدولة كل يوم ماءة دينار للنفقة وانحط دست الخلافة الي ,False,0748Dhahabi.CibarFiKhabar
77309421690,3,Shamela0009091-ara1.mARkdown.ms0635,الي خدمة الخليفة وبايعه فلقبه يومءذ معز الدولة ولقب اخويه عليا عماد الدولة والحسن ركن الدولة وضربت لهم السكة واستوثقت المملكة لمعز الدولة فلما تمكن كحل المستكفي بالله وخلعه من الخلافة لكون علم القهرمانة كانت تامر وتنهي فعملت دعوه عظيمة حضرها خرشيد مقدم الديلم وعدة امراء فخاف معز الدولة من غاءلتها ولان بعض الشيعة كان يثير الفتن فاذاه الخليفة وكان معز الدولة متشيعا فلما كان في جمادي الاخرة ودخل الامراء الي الخليفة ودخل معز الدولة فتقدم اثنان وطلبا من المستكفي رزقهما فمد لهما يده ليقبلاها فجذباه الي الارض وسحباه فوقعت الصيحة فنهبت دور الخلافة وقبضوا علي علم وخواص الخليفة وساقوا الخليفة ماشيا وكانت خلافته سنة واربعة اشهر وصار ثلاثة خلفاء مكحولين هو والذي قبله والقاهر ثم احضر معز الدولة ابا القاسم الفضل بن المقتدر فبايعه ولقبه المطيع لله وقرر له معز الدولة كل يوم ماءة دينار للنفقة وانحطت رتبة الخلافة الي ,False,0768Yafici.MiratJinan
77309421690,3,Sham19Y0029560-ara1.ms0883,الحسين احمد بن بويه بغداد فاستتر ابن شيرزاد واختفي الخليفة المستكفي وتسللت الاتراك الي الموصل فاقامت الديلم ببغداد ونزل ابو الحسين احمد بن بويه المذكور بباب الشماسية فقدم اليه الخليفة التقاديم والتحف ثم دخل ابن بويه الي خدمة الخليفة وبايعه فلقبه يومءذ معز الدولة ولقب اخاه الحسن ركن الدولة واخاه عليا عماد الدولة وامر ان تكتب القابهم علي الدنانير والدراهم واستوسقت المملكة لمعز الدولة فلما تمكن كحل المستكفي بالله وخلعه من الخلافة وذلك ان علما القهرمانة وهي كانت السبب في ولاية المستكفي عملت دعوة عظيمة حضرها مقدم الديلم وعدة امراء فخاف معز الدولة من غاءلتها لانها قد عرفت بالشهامة والتدبير ونقل الملك وكان بعض الشيعة ايضا يثير الفتن ببغداد فاذاه الخليفة المستكفي وكان معز الدولة متشيعا فلما كان في جمادي الاخرة دخل الامراء الي الخليفة ودخل معز الدولة فتقدم اثنان وطلبا من الخليفة المستكفي رزقهما فمد لهما يده ليقبلاها فجذباه الي الارض وسحباه فوقعت الصيحة ونهبت دار الخلافة وقبضوا علي علم القهرمانة وعلي خواص الخليفة وساقوا المستكفي ماشيا وسملوه وهو ثالث الخلفاء المسمولين اولهم القاهر ثم المتقي ثم المستكفي ثم احضر معز الدولة ابا القاسم الفضل بن المقتدر فبايعه ولقبه المطيع لله وقرر له معز الدولة كل يوم ماءة دينار وانحط دست الخلافة الي ,False,0947BamakhramaHimyari.QiladatNahr
77309421691,2,Shamela0009091-ara1.mARkdown.ms0634,عشرين وعشرة عشرة تمسك بعضهم ببعض بصحن الجوع الجوع ثم تسقط الواحدة بعد الواحدة ميته وفيها توفي ابو علي اللءلءي محمد بن احمد البصري راوي السنن عن ابي داود اربع وثلاثين وثلاث ماءة فيها دثرت بغداد وتداعت الي الحراب من شدة القحط والفتن والجور وفيها اصطلح سيف الدولة والاخشيذ وصاهره وتقرر لسيف الدولة حلب وحمص وانطاكية وقصد معز الدولة بغداد فاختفي الخليفة وتسللت الاتراك الي الموصل واقامت الديلم ببغداد ونزل معز الدولة بباب الشماسية وقدم له الخليفة التقاديم والتحف ثم دخل ,False,0768Yafici.MiratJinan
77309421691,2,Sham19Y0029560-ara1.ms0883,عشرين وعشرا عشرا يمسك بعضهن بعضا يصحن الجوع الجوع ثم تسقط الواحدة بعد الواحدة ميتة وفيها اخرج القاهر المسمول من دار الخلافة وهو ملتف في قطن فاقام في دار ابن طاهر مدة ثم خرج في يوم جمعة الي الجامع ليتصدق عليه فراه ابن ابي موسي الهاشمي فاعطاه خمس ماءة درهم ورده الي منزله وفيها توفي الحافظ ابو علي اللءلءي محمد بن احمد البصري راوي السنن عن ابي داود وابو عمرو ابن حكيم واحمد بن عمرو الرملي الطحان وابو العرب محمد بن احمد التميمي الافريقي السنة الرابعة والثلاثون فيها مات توزون واراد شيرزاد ان يعقد الرءاسة لناصر الدولة فاطمعه الجيش فيها واذعنوا له فتسلمها ثم وصل ابو الحسين احمد بن بويه بغداد فاستتر ابن شيرزاد واختفي الخليفة المستكفي وتسللت الاتراك الي الموصل فاقامت الديلم ببغداد ونزل ابو الحسين احمد بن بويه المذكور بباب الشماسية فقدم اليه الخليفة التقاديم والتحف ثم دخل ,False,0947BamakhramaHimyari.QiladatNahr
77309426448,4,ShamAY0034052-ara1.ms2347,افتق تفرق الناس عن الامام في صلاة الجمعة كيف يصنع قلت ان بقي وحده او مع اقل من ثلاثة فعند ابي حنيفة يستانف الظهر اذا نفروا عنه قبل الركوع وعند صاحبيه اذا كبر وهم معه مضي فيها وعند زفر اذا نفروا قبل التشهد بطلت فان ,False,0538JarAllahZamakhshari.Kashshaf
77309426448,4,Shia002702Vols-ara1.ms10922,اتفق تفرق الناس عنه في صلاة الجمعة خلاف فعند ابي حنيفة ان بقي وحده او مع اقل من ثلاثة رجال يستانف الظهر اذا نفروا عنه قبل الركوع وعند صاحبيه اذا كبروهم معه معي فيها وعند زفر اذا نفروا قبل القعدة بطلت لان ,False,1270ShihabDinAlusi.RuhMacani
77309426448,4,Tafsir06049-ara1.ms6369,الناس عن الامام فان بقي وحده او في اقل من ثلاثة فعند ابي حنيفة يستانف الظهر اربعا ان نفروا قبل الركوع وقال صاحباه اذا كبر وهم معه مضي فيها وقال زفر اذ انفروا قبل التشهد بطلت ,False,1332QutbAtfayyish.HamayanZad
77309426448,4,ShamAY0034055-ara1.ms10594,اتفق تفرق الناس عنه في صلاة الجمعة خلاف فعند ابي حنيفة ان بقي وحده او مع اقل من ثلاثة رجال يستانف الظهر اذا نفروا قبل الركوع وعند صاحبيه اذا كبر وهم معه مضي فيها وعند زفر اذانفروا قبل القعد بطلت لان ,False,1342MahmudShukriAlusi.RawhMacani
77309431097,2,ShamAY0033830-ara1.ms052,واخر من انهزم سقمان بن ارتق وجناح الدولة لانهما كانا في الكمين وانهزم كربوقا معهم فلما راي الافرنج ذلك ظنوه مكيدة اذ لم يجر قتال ينهزم من مثله وخافوا ان يتبعوهم وثبت جماعة من المجاهدين وقاتلوا حسبة وطلبا للشهادة فقتل الافرنج منهم الوفا وغنموا ما في المعسكر من الاقوات والاموال والاثاث والدواب والاسلحة فصلحت حالهم وعادت اليهم قوتهم ,False,0597CimadDinKatibIsfahani.TarikhDawlatAlSaljuq
77309431097,2,Shamela0012348-ara1.completed.ms208,واخر من انهزم سقمان بن ارتق فقتل الافرنج منهم الوفا وغنموا ما في العسكر من الاقوات والاموال والدواب والاسلحة فصلحت حالهم وعادت اليهم قوتهم ,False,0685IbnCibri.TarikhMukhtasarDuwal
77309434160,2,Sham19Y0020989-ara1.ms0251,الباب الخامس والثلاثون في ذكر حلف الفضول وخبر ابن جدعان الذي كان هذا الحلف في داره وذكر اجواد قريش وحكامهم في الجاهلية وملك عثمان بن الحويرث بن اسد بن عبد العزي بن قصي عليهم وشء من خبره ,False,0832AbuTayyibFasi.CiqdThamin
77309434160,2,Shamela0008362-ara1.ms0018,الباب الخامس والثلاثون في حلف الفصول وخبر ابن جدعان الذي كان هذا الحلف في داره وذكر اجواد قريش وحكامهم في الجاهلية وتملك عثمان بن الحويرث بن اسد بن عبد العزي بن قصي عليهم وشء من خبره ,False,0832AbuTayyibFasi.ShifaGharam
77309434644,6,Sham19Y0018144-ara1.ms0797,عن الحسن عن انس قال اصاب اهل المدينة قحط ومجاعة شديدة فقام رسول الله صلي الله عليه وسلم يخطب يوم الجمعة فقام ناس فقالوا يا رسول الله هلكت الاموال وخشينا الهلاك علي انفسنا ,True,0316IbnIshaqIsfaraini.Musnad
77309434644,6,Sham19Y0018144-ara1.ms0054,عن الحسن البصري عن انس رضي الله عنه قال اصاب اهل المدينة قحط ومجاعة شديدة فقام رسول الله صلي الله عليه وسلم يخطب يوم الجمعة فقام ناس فقالوا يا رسول الله هلكت الاموال وخشينا الهلاك علي انفسنا وهذ كله منه ما هو صحيح او حسن مثل ح الي ح حديث ابن عمر رضي الله عنهما قال قال رسول الله صلي الله عليه وسلم من حلف بغير الله كفر او ,True,0316IbnIshaqIsfaraini.Musnad
77309434644,6,ShamAY0032665-ara1.ms0054,عن الحسن البصري عن انس رضي الله عنه قال اصاب اهل المدينة قحط ومجاعة شديدة فقام رسول الله صلي الله عليه وسلم يخطب يوم الجمعة فقام ناس فقالوا يا رسول الله هلكت الاموال وخشينا الهلاك علي انفسنا وهذ كله منه ما هو صحيح او حسن مثل ح الي ح حديث ابن عمر رضي الله عنهما قال قال رسول الله صلي الله عليه وسلم من حلف بغير الله كفر او ,True,0316IbnIshaqIsfaraini.Mustrakhraj
77309434644,6,ShamAY0032665-ara1.ms0797,عن الحسن عن انس قال اصاب اهل المدينة قحط ومجاعة شديدة فقام رسول الله صلي الله عليه وسلم يخطب يوم الجمعة فقام ناس فقالوا يا رسول الله هلكت الاموال وخشينا الهلاك علي انفسنا ,True,0316IbnIshaqIsfaraini.Mustrakhraj
77309434644,6,Shia002034Vols-ara1.ms0623,انس بن مالك قال اصاب اهل المدينة قحط ومجاعة شديدة فقام رسول الله صلي الله عليه وسلم علي المنبر فخطب يوم الجمعة فقام ناس فقالوا يا رسول الله هلكت الاموال وخشينا الهلال علي انفسنا ,True,0360Tabarani.MucjamAwsat
77309434644,6,Shamela0026324-ara1.ms0215,عن الحسن به حديث عه اصاب اهل المدينة قحط ومجاعة شديدة فقام رسول الله صلي الله عليه وسلم يخطب يوم الجمعة فقام ناس فقالوا يا رسول الله هلكت الاموال وخشينا الهلاك علي انفسنا الحديث عه ثنا حنبل بن اسحاق بن حنبل انا عبد الله بن رجاء ثنا عمران القطان عنه به حديث خز طح ان رسول الله صلي الله عليه وسلم كان يسر ب بسم الله الرحمن ,True,0852IbnHajarCasqalani.IthafMahara
77309434646,2,Shamela0026324-ara1.ms0215,عنه به حديث حم ان قوما ذكروا عند عبيد الله بن زياد الحوض فانكره ص الحديث وفيه انيته اكثر من عدد نجوم السماء احمد عن حسن وعفان ويونس كلهم عن حماد عن علي بن زيد عن الحسن به حديث عه اصاب اهل المدينة قحط ومجاعة شديدة فقام رسول الله صلي الله عليه وسلم ,False,0852IbnHajarCasqalani.IthafMahara
77309434646,2,Shamela0012220-ara1.ms0070,عنه به حديث ان قوما ذكروا عند عبيد الله بن زياد الحوض فانكره ص الحديث وفيه وان انيته لاكثر من عدد نجوم السماء عن حسن وعفان ويونس كلهم عن حماد عن علي بن زيد عنه به تم حديث ان النبي صلي الله عليه وسلم ,False,0852IbnHajarCasqalani.ItrafMusnadMuctali
77309434647,2,Sham19Y0132971-ara1.ms0673,ان النبي صلي الله عليه وسلم قال لعلي انت تبين لامتي ما اختلفوا فيه من بعدي والحديث اخرجه ايضا الحاكم من طريق ابي نعيم ضرار بن صرد ثنا معتمر بن سليمان قال سمعت ابي ,False,0463IbnCabdBarr.Istighna
77309434647,2,Shamela0026324-ara1.ms0215,ان النبي صلي الله عليه وسلم قال لعلي انت تبين لامتي ما اختلفوا فيه بعدي كم في مناقب علي ثنا عبدان بن يزيد الدقاق من اصله ثنا ابراهيم بن الحسين ثنا ابو نعيم ضرار بن صرد ثنا معتمر بن سليمان سمعت ابي ,False,0852IbnHajarCasqalani.IthafMahara
77309435197,11,ShamAY0034052-ara1.ms2392,ونحو صرف الشرط الي المخاطب صرف الترجي اليه في قوله تعالي لعله يتذكر طه الوجه اكرم موضع في الجسد والانف اكرم موضع من الوجه لتقدمه له ولذلك جعلوه مكان العز والحمية واشتقوا منه الانفة وقالوا الانف في الانف وحمي انفه وفلان شامخ العرنين وقالوا في الذليل جدع انفه ورغم انفه فعبر بالوسم علي الخرطوم عن ,False,0538JarAllahZamakhshari.Kashshaf
77309435197,11,Shia002356Vols-ara1.ms1308,كان ذا مال كذب و الخرطوم الانف والوجه اكرم موضع في الجسد والانف اكرم موضع من الوجه ولذلك جعلوه مكان العزة والحمية واشتقوا منه الانفة فقالوا حمي انفه و شمخ بانفه و الانف في الانف فعبر سبحانه بالوسم علي الخرطوم عن غاية الاذلال والاهانة لان الوسم علي الوجه شين واذالة فكيف به علي اكرم موضع منه وفي لفظ الخرطوم استهانة به وقيل معناه سنعلمه يوم القيامة بعلامة مشوهة يبين بها عن ساءر الكفرة كما عادي رسول الله صلي الله عليه ,False,0548IbnHasanTabarsi.TafsirJawamicJamic
77309435197,11,Shamela0023635-ara1.ms9081,جعلوه مكان العز والحمية واشتقوا منه الانفة وقالوا الانف في الانف وحمي انفه وفلان شامخ العرنين وقالوا في الذليل جدع انفه ورغم انفه فعبر بالوسم علي الخرطوم عن غاية الاذلال والاهانة لان السمة علي الوجه شين فكيف علي اكرم موضع من الوجه المسالة ,False,0606FakhrDinRazi.MafatihGhayb
77309435197,11,Shamela0023613-ara1.ms4439,ولذلك جعلوه مكان العز والحمية واشتقوا منه الانفة وقالوا في الذليل جدع انفه ورغم انفه والوسم في الانف اهانة فوق اهانة ومتي هذا الوسم منهم من قال في الدنيا فعن ابن عباس خطم يوم بدر بالسيف فبقيت سمته علي خرطومه وعن النضر بن شميل الخرطوم الخمر اي سنسمه علي شربها وسمي الخمر خرطوما كما قيل لها السلافة وهو ما سلف عن عصير العنب او لانها تطير في الخياشيم وتءثر فيها ومنهم من قال في الاخرة نعلمه فعبر عن سواد الوجه كله بسواد الخرطوم ومنهم من قال في الدارين اي سنشهره بهذه السمة وهي انه حلاف الي زنيم فلا يخفي كما لا تخفي السمة علي الخرطوم ,False,0730NizamDinNaysaburi.GharaibQuran
77309435197,11,Sham19Y0020891-ara1.ms6472,ونحو صرف الشرط الي المخاطب صرف الترجي اليه يعني تعليق الطاعة بالمال هاهنا كالترجي في قوله تعالي فقولا له قولا لينا لعله يتذكر او يخشي طه ظاهر اللفظ الترجي والتعليق للمتكلم وهو الله تعالي وفي الحقيقة للمخاطب وهو محمد وموسي وهارون صلوات الله عليهم اي عاملاه معاملة من لا يعلم العاقبة يا موسي وهارون ولا تطع يا محمد كل حلاف يشترط يساره وعن بعضهم حاصل هذا الشرط انه نهي عن طاعة مشروطة لا نهي مشروط وقلت الظاهر ان الشرط تعليل لان من نهي ان يطاع وهو الوليد كان ذال مال سنسمه علي الخرطوم الوجه اكرم موضع في الجسد والانف اكرم موضع من الوجه لتقدمه له ولذلك جعلوه مكان العز والحمية واشتقوا منه الانفة وقالوا الانف في الانف وحمي انفه وفلان شامخ العرنين وقالوا في الذليل جدع انفه ورغم انفه فعبر بالوسم علي الخرطوم عن غاية الاذلال والاهانة لان السمة علي الوجه شين واذالة فكيف بها علي اكرم موضع منه ولقد وسم العباس اباعرة في وجوهها فقال له رسول الله صلي الله عليه وسلم اكرموا الوجوه فوسمها في جواعرها ,False,0743SharafDinTibi.FutuhGhayb
77309435197,11,Zaydiyya0000274-ara1.ms738,الوجه اكرم موضع من الجسد والانف اكرم موضع من الوجه ولذلك جعلوه مكان العزو والحمية واشتقوا منه الانفة ويقال فلان شامخ العرنين وقالوا في الذليل جدع انفه ورغم انفه فعبر الله تعالي بالوجه علي الخرطوم عن غاية الاذلال والاهانة ولقد وسم العباس رضي الله عنه اباعره في وجوهها فقال اكرموا الوجوه فوشمها في جواعرها فياتي علي هذا انه يكره بما يعتاد من وشم الغنم في وجوهها وقال جار الله في تفسير هذه السمة لان المعني سنعلمه يوم القيامة علامة مشوهة لمعاداته لرسول الله وقيل خطم يوم بدر بالسيف فبقيت سمة علي خرطومه وقيل سنشهره بهذه السمة في الدارين فلا يخفي كما لا تخفي السمة علي الخرطوم ,False,0836FaqihYusuf.ThamaratYanica
77309435197,11,ShamAY0034068-ara2.ms3840,اكرم موضع في الوجه لتقديمه له ولذلك جعلوه مكان العز والحمية واشتقوا منه الانفة وقالوا الانف في الانف وحمي انفه وفلان شامخ العرنين وقالوا في الذليل جدع انفه ورغم انفه فعبر بالوسم علي الخرطوم عن غاية الاذلال والاهانة لان السمة علي الوجه شين واذلال فكيف بها علي اكرم موضع منه ولقد وسم العباس ,False,0977KhatibShirbini.SirajMunir
77309435197,11,ShamAY0034059-ara1.ms7414,اكرم موضع من الوجه لتقدمه له ولذلك جعلوه مكن العز والحمية واشتقوا منه الانفة وقالوا الانف بالانف وحمي انفه وفلان شامخ العرنين وقالوا في الذليل جدع انفه ورغم انفه ولقد وسم العباس رضي الله عنه اباعره في وجوهها فقال له رسول الله عليه السلام اكرموا الوجوه فوسمها في جواعرها اي في ادبارها وفي التعبير عن الانف بلفظ الخروطوم استهانة بصاحبه واستقباح له لانه لا يستعمل الا في الفيل وخنزير ,False,1127IsmacilHaqqiBurusawi.RuhBayan
77309435197,11,Shamela0023631-ara1.ms4514,قال الزمخشري الوجه اكرم موضع في الجسد والانف اكرم موضع من الوجه لتقدمه له ولذلك جعلوه مكان العز والحمية واشتقوا منه الانفة وقالوا الانف في الانف وحمي انفه وفلان شامخ العرنين وقالوا في الذليل جدع انفه ورغم انفه فعبر بالوسم علي الخرطوم عن غاية الاذلال والاهانة لان السمة علي الوجه شين واذالة فكيف بها علي اكرم موضع منه ولقد وسم العباس اباعره في وجوهها فقال له رسول الله صلي الله عليه وسلم اكرموا الوجوه فوسمها في جواعرها وفي لفظ الخرطوم استخفاف به واستهانة لان اصل الخرطوم للخنزير والفيل وقيل سنعلمه يوم القيامة بعلامة مشوهة ,False,1332IbnMuhammadJamalDinQasimi.MahasinTawil
77309435197,11,ShamAY0034055-ara1.ms10745,له حليا وجعلوه مكان العزة والحمية واشتقوا منه الانفة وقالوا الانف في الانف وحمي انفه وفلان شامخ العرنين وقالوا في الذليل جدع انفه ورغم انفه ومنه قول جرير لما وضعت علي الفرزدق ميسمي وعلي البعيث جدعت انف الاخطل وفي لفظ الخرطوم استهانة لانه لا يستعمل الا في الفيل والخنزير ,False,1342MahmudShukriAlusi.RawhMacani
77309435197,11,Tafsir09083-ara1.ms1659,قال الامام الفخر لما كان الوجه اكرم موضع في الجسد والانف اكرم موضع من الوجه لارتفاعه عليه ولذلك جعلوه مكان العز والحمية واشتقوا منه الانفة وقالوا في الذليل رغم انفه فعبر بالوسم علي الخرطوم عن غاية الاذلال والاهانة لان السمة علي الوجه شين فكيف علي اكرم موضع من الوجه ,False,1450MuhammadCaliSabuni.SafwatTafasir
77309435198,4,ShamAY0034052-ara1.ms2393,غاية الاذلال والاهانة لان السمة علي الوجه شين واذالة فكيف بها علي اكرم موضع منه ولقد وسم العباس اباعر في وجوهها فقال له رسول الله صلي الله عليه وسلم زاكرموا الوجوه فوسمها في جواعرها وفي لفظ الخرطوم استخفاف به واستهانة وقيل معناه سنعلمه يوم القيامة بعلامة مشوهة يبين بها عن ساءر الكفرة كما عادي رسول االله صلي الله عليه وسلم عدارة بان بها عنهم وقيل خطم يوم بدر بالسيف فبقيت سمة علي خرطومه وقيل سنشهره بهذه الشتيمة في الدارين جميعا فلا تخفي كما لا تخفي السمة علي الخرطوم وعن النضر بن شميل ان الخرطوم الخمر وان معناه سنحده علي شربها وهو تعسف وقيل للخمر الخرطوم كما قيل لها السلافة وهي ما سلف من عصير العنب او لانها تطير في الخياشيم ,False,0538JarAllahZamakhshari.Kashshaf
77309435198,4,Sham19Y0020891-ara1.ms6473,الخرطوم استخفاف به واستهانة وقيل معناه سنعلمه يوم القيامة بعلامة مشوهة يبين بها عن ساءر الكفرة كما عادي رسول الله صلي الله عليه وسلك عداوة بن بها عنهم وقيل خطم يوم بدر بالسيف فبقيت سمة علي خرطومه وقيل سنشهره بهذه الشتيمة في الدارين جميعا فلا تخفي كما لا تخفي السمة علي الخرطوم وعن النضير بن شميل ان الخرطوم الخمر وان معناه سنحده علي شربها وهو تعسف وقيل للخمر الخرطوم كما قيل لها السلافة وهي ما سلف من عصير العنب او لانها تطير في الخياشيم ,False,0743SharafDinTibi.FutuhGhayb
77309435198,4,Zaydiyya0000274-ara1.ms738,غاية الاذلال والاهانة ولقد وسم العباس رضي الله عنه اباعره في وجوهها فقال اكرموا الوجوه فوشمها في جواعرها فياتي علي هذا انه يكره بما يعتاد من وشم الغنم في وجوهها وقال جار الله في تفسير هذه السمة لان المعني سنعلمه يوم القيامة علامة مشوهة لمعاداته لرسول الله وقيل خطم يوم بدر بالسيف فبقيت سمة علي خرطومه وقيل سنشهره بهذه السمة في الدارين فلا يخفي كما لا تخفي السمة علي الخرطوم وعن النضر بن شميل ان الخرطوم اسم للخمر وان ,False,0836FaqihYusuf.ThamaratYanica
77309435198,4,Shamela0023631-ara1.ms4514,غاية الاذلال والاهانة لان السمة علي الوجه شين واذالة فكيف بها علي اكرم موضع منه ولقد وسم العباس اباعره في وجوهها فقال له رسول الله صلي الله عليه وسلم اكرموا الوجوه فوسمها في جواعرها وفي لفظ الخرطوم استخفاف به واستهانة لان اصل الخرطوم للخنزير والفيل وقيل سنعلمه يوم القيامة بعلامة مشوهة يبين بها عن ساءر الكفرة كما عادي رسول الله صلي الله عليه وسلم عداوة بان بها عنهم ,False,1332IbnMuhammadJamalDinQasimi.MahasinTawil
77309449826,2,Kraken2102182324112-ara1.completed.ms056,ثم اخذتالكتب وسيرت الي ابغا من غير ان يعلم بها البرواناة فلما اعيا التتر امر القلعة ولم يحتملوا ما لقوا من اهلها من النكاية ارسل اتباي نوين الي الامير سيف الدي طرنطاي البكلر بكي وحسام الدين بيجار ليستشيرهما في المقام والرحيل فانا قد اجهدنا القتال وفنيت العدد والرجال ونحن نخاف الدرك علينا من ابغا فاجاباه ان هذه القلعة حصينة وعساكر الملك الظاهر قريبة منها وفيها ذخاير كثيرة وعساكرنا قد ضعفت من الغلاء والوباء والراي في الرحيل فرحلوا عنها يوم السبت السابع عشر من الشهر بعد ان احرقوا منجنيقاتهم ونهبوا اسواقهم بايديهم ذكر توجه مولانا السلطان الي الفرات وعوده الي القاهرة لما بلغ مولانا السلطان وهو بدمشق نزول التتر علي البيرة انفق في العساكر فوق الستماية الف دينار ثم خرج من دمشق يوم السبت سابع عشر السهر جمادي الاخرة وهو يوم رحيل التتر عن البيرة فاتصل خبرهم به وهو نازل علي القطيفة فا راي الرجوع وقصد حمص فلما ترادفت عليه الاخبار بتفريق شملهم ايدي سبا اعاد الي دمشق فدخلها يوم الخميس سلخ الشهر ثم خرج منها يوم السبت ثاني شهر رجب ومعه جميع العساكر ووصل الي القاهرة يوم الثلاثاء ثامن عشر الشهر المذكور وكان يوم وصوله يوما مشهودا لم يشاهد مثله لاحد من الملوك الاسلامية وذلك انه كان قد اجتمع بالقاهرة رسل الملك المظفر صاحب اليمن ورسل الانبرور ورسل الجنويين ورسل منكومر بن تولي خان بن جنكيز خان ملك المسلمين من التتر والعلان ورسل الاشكري وكانت عدتهم خمسا وعشرين رسولا فركبوا خيول السلطان وتلقوه علي علي بركة الجب ,True,0684IbnShaddad.TarikhMalikZahir
77309449826,2,Shamela0012722-ara1.completed.ms0656,ثم سيرت الكتب الي ابغا من غير علم البرواناة ولما امتد حصار القلعة وعصيانها ارسل اقتاي نوين الي سيف الدين بكلربكي وحسام الدين بيجار يستشيرهما فاجاباه هذه القلعة حصينة وعساكر صاحبها قريبة وفيها ذخاءر كثيرة وعساكرنا قد ضعفت من الغلاء والوباء والراي الرحيل فرحلوا يوم السبت سابع عشر جمادي الاخرة بعد ان احرقوا مجانيقهم ونهبوا اسواقهم بايديهم ولما بلغ الملك الظاهر وهو بدمشق نزول التتر علي البيرة انفق علي العساكر فوق ستماءة الف دينار وخرج يوم السبت سابع عشر جمادي الاخرة وهو يوم رحيل التتر عن البيرة فاتصل به خبر رحيلهم بالقطيفة فنم الي حمص وترادفت الاخبار عليه بتفريق شملهم فعاد الي دمشق ودخلها يوم الخميس سلخه ثم خرج منها يوم السبت ثاني شهر رجب ومعه جميع العساكر ووصل القاهرة يوم الثلاثاء ثامن عشره وكان قد اجتمع بالقاهرة رسل الملك المظفر صاحب اليمن ورسل الانبروز ورسل الجنوبين ورسل منكوتمر بن تولي خان بن جنكز خان ملك المسلمين من التتر ورسل العلان ورسل الاشكري وعدتهم خمسة وعشرون رسولا فركبوا وتلقوا الملك الظاهر علي بركة الجب ,True,0726Yunini.DhaylMiratZaman
77309449827,2,Kraken2102182324112-ara1.completed.ms057,ترجلوا وقبلوا الارض بين يديه ف سلم عليهم وامرهم بالركوب ثم رحل فدخل القلعة الساعة الخامسة من يومه الذي وصل فيه ذكر ها اعتمده البرواناة بعد رحيله عن البيرة كان البرواناة ومن معه من العساكر الرومية قد استشعروا من اتباي خوفا علي فوسهم بسبب القصاد فلما رحلوا عن البيرة فارقوا العساكر التترية وعبروا الفرات و قصدوا ملطية قاصدين بلاد الروم فلما وصلوا مراكزهم من اوطانهم تيقنوا ان لا قام لهم في الروم مع التتر فاجمعوا رايهم مع البرواناة علي منابذتهم فاستحلف الامير حسام الدين بيجار البابيري وولده بهاء الدين مقطع ديار بكر وشرف الدين مسعود بن الخطير وضياء الدين محمود ,False,0684IbnShaddad.TarikhMalikZahir
77309449827,2,Shamela0012722-ara1.completed.ms0656,ورجلوا وقبلوا الارض فسلم عليهم وامرهم بالركوب ودخل القلعة واما البرواناة وعساكر الروم فانهم استشعروا من اقتاي بسبب القصاد فلما رحلوا عن البيرة فارقوهم وعبروا الفرات قاصدين ملطية وبلاد الروم فلما وصلوا اوطانهم تيقنوا ان لا مقام لهم في الروم مع التتر فاجمعوا رايهم مع البرواناة علي منابذتهم فاستحلف البرواناة حسام الدين بيجار النابتري وولده بهاء الدين مقطع ديار بكر وشرف الدين الخطير وضياء الدين محمود ,False,0726Yunini.DhaylMiratZaman
77309453876,12,ShamAY0033647-ara1.ms28,دعي ابا عبيدة ابن الجراح فخرج في ذلك فلما رجع بعث اليه بالف دينار فقال ابو عبيدة اني لم اعمل لك يا ابن الخطاب انما عملت لله ولست اخذ علي ذلك شيءا من المخلوقين فقال قد اعطانا رسول الله صلي الله عليه وسلم في اشياء بعثنا لها فكرهنا ذلك فابي ذلك علينا فاقبلها ايها الرجل فاستعن بها علي دينك ودنياك فقبلها ابو عبيدة ثم ان عمرو بن ,False,0262YacqubIbnShayba.MulakhkhasMinMusnadCumarIbnKhattab
77309453876,12,ShamAY0031687-ara1.ms0847,حتي ياتيهم الله برزق فابي الزبير ان يخرج فقال اما والله لا تجد مثلها حتي تخرج من الدنيا ثم دعا اخر اظنه طلحة فابي ثم دعا ابا عبيدة بن الجراح فخرج في ذلك فلما رجع بعث اليه بالف دينار فقال ابو عبيدة اني لم اعمل لك يا ابن الخطاب انما عملت لله ولست اخذ في ذلك شيءا فقال عمر قد اعطانا رسول الله صلي الله عليه وسلم في اشياء بعثنا لها فكرهنا فابي ذلك علينا رسول الله صلي الله عليه وسلم فاقبلها ايها الرجل فاستعن بها علي دنياك ودينك فقبلها ابو عبيدة بن الجراح ثم ذكر الحديث ,False,0311IbnKhuzaymaNaysaburi.Sahih
77309453876,12,ShamAY0033945-ara4.ms0482,حتي ياتيهم الله برزق فابي الزبير ان يخرج فقال اما والله لا تجد مثلها حتي تخرج من الدنيا ثم دعا اخر اظنه طلحة فاتي ثم دعا ابا عبيدة بن الجراح فخرج في ذلك فلما رجع بعث اليه بالف دينار فقال ابو عبيدة اني لم اعمل لك يا ابن خطاب انما عملت لله ولست اخذ في ذلك شيءا فقال عمر قد اعطانا رسول الله صلي الله عليه وسلم في اشياء بعثنا فيها فكرهنا فابي ذلك علينا رسول الله صلي الله عليه وسلم فاقبلها ايها الرجل واستعن بها علي دنياك فقبلها ابو عبيدة بن الجراح هذا حديث ,False,0405HakimNaysaburi.Mustadrak
