pos,word,count
0,اشتداد,11
0,اشتد,123
0,قحط,61
0,القحط,70
0,وعم,11
0,الغلا,61
0,امتد,1
0,لم,1
1,الغلا,146
1,شديد,61
1,والجوع,59
1,والقحط,19
1,قد,5
1,المفرط,48
1,تبق,1
2,به,1
2,وعم,2
2,علي,22
2,بالديار,2
2,قوله,2
2,سبع,1
2,كما,7
2,ويستخلفكم,1
2,عاما,1
2,في,17
2,بها,4
2,والوبا,11
2,لا,1
2,ببغداد,12
2,بالعراق,4
2,بخراسان,1
2,حتي,20
2,بافريقيه,6
2,وكان,3
2,بالبلاد,1
2,بالموصل,3
2,سار,2
2,تلك,4
2,بدمشق,5
2,اشتد,5
2,فكتب,1
2,تتابع,1
2,اتاه,4
2,بمكه,4
2,ثم,4
2,وختم,2
2,ذكره,1
2,وتشحط,1
2,وجدب,3
2,بالقاهره,1
2,بالرمله,1
2,بحلب,1
2,محمد,1
2,عادوا,2
2,وشده,1
2,فاخذتهم,1
2,عنكم,2
2,الدره,1
2,اذ,3
2,وقال,4
2,بمصر,9
2,مع,1
2,عندهم,3
2,بالناس,1
2,كل,1
2,وفي,3
2,والجراد,1
2,وفيه,1
2,والموت,1
2,ذكر,1
2,وبا,1
2,اذا,2
2,وموت,1
2,بارض,2
2,املي,1
2,والضرا,4
2,بدعوه,6
2,فاحتال,2
2,وكثر,2
2,واشتغالهم,2
2,وعدمت,3
2,بالجزيره,2
2,فامر,3
2,ووبا,3
2,ذهب,1
2,وان,2
2,فسالوه,1
2,فاكل,1
2,وبلغ,1
2,وراسل,1
2,وامتد,3
2,وسنوات,1
2,ومجاعه,2
2,والطاعون,1
2,الذي,4
2,والجوع,1
2,عن,2
2,فبلغ,2
2,الي,1
2,بديار,2
2,وجوع,1
2,سنه,2
2,فان,1
2,بل,2
2,كاد,1
2,والحاجه,1
2,وعز,1
2,ووقع,1
2,فلما,1
2,والقحط,1
2,فبيع,1
2,والثاني,1
2,فخرجنا,1
2,فاحري,1
2,فقال,2
2,جدا,1
2,وزاد,1
2,والفنا,1
2,وعدم,1
2,ودام,1
2,بالحجاز,1
2,يقال,2
2,وصار,1
2,بانطاكيه,2
2,وقد,1
2,يكون,1
2,وانهوا,1
2,وفشت,1
2,وفحش,1
2,ويزرع,1
2,فاخرج,1
2,فشكي,1
2,سنين,3
2,بحيث,1
2,وابنه,1
2,ايضا,1
2,اقوات,1
2,فبلغت,1
2,جميع,1
2,ودخل,1
2,بالشام,1
2,وغير,1
2,الثالث,1
2,لان,1
2,وعظم,1
2,فخرج,1
2,باليمن,1
2,ببلاد,1
2,والعدم,1
2,المفرط,1
2,بعكا,1
2,وعمد,1
2,والضرب,1
2,بالمدينه,1
2,فشكت,1
2,تحته,5
2,ومكه,1
2,وشرع,1
2,والحيف,1
2,وبلغت,1
2,فكان,1
2,والخوف,1
2,انظر,1
2,والبس,1
2,ثلاث,1
2,والعيب,1
2,وقيل,1
2,بدعا,1
2,راغبين,1
3,وعدم,2
3,الناس,9
3,عهد,14
3,المصريه,3
3,تعالي,1
3,سنين,3
3,بلونا,7
3,في,13
3,بعد,4
3,عامه,4
3,ففارقها,1
3,وكثر,3
3,سيما,1
3,حتي,13
3,الروم,1
3,واضطرب,1
3,فضج,1
3,جميعها,1
3,ان,2
3,ودامت,1
3,العسكر,2
3,عاما,1
3,الفرنج,2
3,وديار,4
3,البلاد,1
3,الاصقاع,3
3,فحمل,1
3,عليهم,2
3,بالناس,1
3,انهم,1
3,كانت,1
3,الجنيد,1
3,فقال,4
3,توجه,1
3,المجلس,2
3,شيخنا,1
3,الحوانيت,1
3,فجعلت,1
3,واكثر,1
3,وبلغت,1
3,الاردب,1
3,ونابلس,1
3,حدث,1
3,واوفي,1
3,ثم,3
3,اكلوا,10
3,بن,1
3,فيها,1
3,الي,2
3,الازمه,1
3,سنه,6
3,دحيه,1
3,ولا,2
3,بغداد,1
3,المضيه,1
3,الموضعين,1
3,لا,1
3,مالك,1
3,وعامه,1
3,وثار,1
3,والشام,1
3,عدم,1
3,لزوم,1
3,وحصل,1
3,بلاد,1
3,رمضان,1
3,وفاه,1
3,ما,2
3,اشتد,1
3,بالبلاد,1
3,وبلغ,3
3,جزار,1
3,والفتن,1
3,كادوا,1
3,عظيم,1
3,ادي,1
3,الجمال,1
3,الشام,1
3,مجلسا,1
3,المرض,4
3,رسول,6
3,رجل,2
3,الضعيف,1
3,الماكولات,1
3,بانفسهم,2
3,الاقوات,2
3,عدن,1
3,ونهبت,2
3,مفرط,3
3,مع,1
3,فبلغ,1
3,فهرب,1
3,اصحابه,1
3,فبيعت,1
3,الرطل,1
3,اهلها,1
3,بمصر,5
3,البلا,3
3,اذهبت,1
3,عظيمه,1
3,وقال,1
3,اصاب,2
3,عن,1
3,سعر,1
3,باعوا,1
3,مصر,3
3,السنه,1
3,يراعي,1
3,لعدم,1
3,بدعا,1
3,اللحم,1
3,ايامه,1
3,كان,1
3,القمح,1
3,وقلت,1
3,فبيع,1
3,عسكره,1
3,حصل,1
3,لهم,1
3,نستسقي,1
3,الا,1
3,له,1
3,الوبا,2
3,وعدمت,1
3,جدا,2
3,فهلك,1
3,اضعاف,1
3,القوت,1
3,اكثر,1
3,وبمكه,1
3,اسنت,1
3,وازم,1
3,الزيدي,1
3,وحلب,1
3,معز,2
3,اول,1
3,للتمره,1
3,حالهم,1
3,الامراض,2
3,الموت,1
3,تاسع,1
3,الفلاحون,1
3,بلغ,1
3,وفيها,1
3,عبد,1
3,متواليه,1
3,صوره,1
3,هلك,1
3,ايضا,1
3,ابو,1
3,ذلك,2
3,الافرنج,1
3,وانما,1
3,بافريقيه,1
3,اعقب,1
3,وورد,1
3,وانه,1
3,جمادي,1
3,كاره,1
3,الافاق,1
3,اهل,1
3,فاعطي,1
3,فابيع,1
3,جميع,1
3,واعمالها,1
3,اصابهم,1
3,قتاده,1
3,هو,2
3,قال,1
3,ابن,1
3,الاقولت,1
3,ببغداد,1
3,وقبلها,1
3,ابيعت,1
3,مولاه,1
3,القرمطي,1
3,حكي,1
3,والجزيره,1
3,منها,1
3,جهز,1
3,الحجاز,1
3,وعظم,1
3,الشراه,1
3,قلت,1
3,وخافوا,1
3,علي,1
3,لانقطاع,1
3,وصاروا,1
3,الرعيه,1
3,متواتره,2
3,حمار,4
3,حمارا,1
3,من,1
3,الجور,1
3,رجلا,1
3,النقيب,1
3,تطفيف,1
3,الغراره,1
3,الطعام,1
3,الجباي,1
3,فقد,1
3,خزانه,1
3,مجاهد,1
3,والفقير,1
3,تغب,1
3,شكوا,1
3,النبي,1
3,وضرب,1
4,الاقوات,4
4,البلا,2
4,موسي,3
4,عمر,10
4,حتي,20
4,النحل,1
4,اذا,1
4,اصحاب,5
4,الارض,1
4,عام,1
4,بلاد,5
4,ابو,1
4,الموت,1
4,بالعراق,1
4,اكل,1
4,وكان,3
4,الناس,4
4,العامه,1
4,وعدم,1
4,امراه,1
4,ايامه,1
4,وعدمت,1
4,في,9
4,لعدم,3
4,الجزيره,2
4,من,6
4,بكجور,1
4,وقد,1
4,لم,1
4,الاندلس,1
4,الي,5
4,قد,5
4,اواخر,2
4,بقصيده,2
4,القبيله,1
4,السلطان,3
4,الغراره,2
4,عندهم,1
4,وكثر,2
4,منه,1
4,النيل,1
4,اعقبه,1
4,الكلاب,6
4,عبد,1
4,فخرجوا,1
4,التكذيب,2
4,بن,1
4,تحويلا,2
4,ثلاث,1
4,والبصره,1
4,ريحا,1
4,برقه,1
4,باب,1
4,عذاب,1
4,للامام,1
4,العوام,1
4,المحمل,1
4,ايام,1
4,وجود,1
4,عليهم,1
4,هذه,3
4,كان,2
4,قاده,1
4,لا,2
4,الغلا,1
4,الروميه,1
4,الوبا,1
4,الاردب,1
4,الفرنج,1
4,ويقال,1
4,اربع,1
4,وموت,1
4,ولم,1
4,والحجاز,1
4,فيما,1
4,ونقصان,4
4,الله,7
4,يهودي,2
4,قالت,1
4,وفحش,1
4,ان,4
4,وعظم,1
4,فبلغ,2
4,بكر,2
4,اكلوا,6
4,الجند,2
4,بالصوم,3
4,سبيله,1
4,الرخص,1
4,الدعا,1
4,ه,1
4,الكر,2
4,الرجال,1
4,شعبان,1
4,الجيف,3
4,العقارات,1
4,السمك,1
4,واهل,1
4,فهرب,2
4,وتحققت,2
4,المال,1
4,فكتب,1
4,هشام,1
4,اهل,2
4,ويجوز,1
4,القمح,1
4,بيعت,1
4,اولادهم,1
4,بعضهم,1
4,سنه,5
4,يطلق,1
4,غالب,1
4,زياده,1
4,النبي,1
4,ابتلينا,1
4,بدمشق,1
4,ونقص,1
4,البلد,1
4,ليله,1
4,فبيع,1
4,باربعه,1
4,الخبز,1
4,اربعين,1
4,فرجع,1
4,بمصر,1
4,مكر,1
4,فاذا,1
4,يعم,1
4,ووقع,1
4,وحدثت,1
4,لحقه,1
4,واخذ,1
4,بسببه,1
4,جدا,1
4,ذلك,1
4,اي,1
4,ببغداد,2
4,البلاد,1
4,وما,1
4,القوم,1
4,يازم,1
4,لان,1
4,وعدموا,1
4,الدوله,2
4,صاحب,1
4,فيه,1
4,نقص,1
4,ثمان,1
4,المحرم,1
4,حقولهم,1
4,اغزي,1
4,الحميد,1
4,حالهم,1
4,وظهر,1
4,اكلت,1
4,موجزه,1
4,اول,1
4,الفتوح,1
4,المملوك,1
4,وبلغت,1
4,معاش,1
4,جوعا,1
4,المكوك,1
4,الخبر,1
4,الاولي,1
4,الدقيق,1
4,القري,1
4,الجنيد,1
4,الرطل,1
4,الاصناف,1
4,عدم,1
4,قاله,1
4,بدعا,1
4,والاوجاع,1
4,بالغزو,1
4,قتاده,1
4,بويه,1
4,وشرع,1
4,وبلغ,1
4,سنوات,1
4,فقال,1
4,ومنسا,1
4,وجا,1
4,جميعها,1
4,وقصد,1
4,بلغت,1
4,والعراق,1
4,عجزوا,1
4,حدثني,1
4,جهز,1
4,ايدي,1
4,الجلب,1
4,محصورين,1
4,ما,2
4,سليمان,1
4,اقمر,4
4,قمر,1
4,الحبشه,1
4,وقتل,1
4,يهوديا,1
4,تاج,1
4,يجلب,1
4,هي,1
4,قذف,1
4,الادب,1
4,وقيل,1
4,العظام,1
4,الميته,1
4,والا,1
4,كفرح,1
4,صلي,1
4,رحمتك,1
5,وارسل,1
5,وانتهي,1
5,رسول,2
5,بن,3
5,بيع,1
5,وضرب,1
5,هم,1
5,الجنه,5
5,يجعلكم,1
5,ونقص,2
5,الاسلام,4
5,طلحه,1
5,حتي,2
5,وبيع,2
5,الناس,5
5,شديدا,1
5,فسعر,1
5,وشغب,1
5,القوت,2
5,اكلت,1
5,فان,2
5,الاقوات,2
5,سار,1
5,بلغت,1
5,زياده,1
5,جميعها,2
5,الحجاز,1
5,اكل,5
5,عجزوا,1
5,الغلات,1
5,يقدروا,1
5,تخرب,1
5,الكور,1
5,سنه,2
5,غلا,4
5,فخرج,5
5,اثنا,1
5,الدوله,2
5,اولها,2
5,انباه,1
5,الخبز,2
5,تقبل,1
5,من,6
5,بربع,1
5,فساد,1
5,الشداد,1
5,ثالث,1
5,الطاعون,1
5,وفي,1
5,الوهاب,1
5,الي,5
5,والجيف,5
5,فانتقم,2
5,الدنيا,1
5,اكملوا,1
5,عليه,2
5,خليفه,1
5,لكم,1
5,وسبعين,1
5,وفاه,1
5,بكسر,1
5,وسار,1
5,قوله,1
5,بعد,2
5,التسعير,1
5,العراق,2
5,برجل,1
5,الشامي,1
5,الموسم,1
5,ما,1
5,الفراش,1
5,المملكه,1
5,الغلا,1
5,بمكه,1
5,يعبر,1
5,غير,1
5,بمصر,1
5,وانه,1
5,تفريق,1
5,وكان,2
5,القمح,2
5,مع,1
5,انه,1
5,وعشرين,1
5,يفنوا,1
5,كثير,1
5,ضيعته,1
5,توفيه,1
5,يجدوا,1
5,وان,1
5,يتعلق,1
5,الاموال,2
5,صلي,6
5,علي,2
5,لي,1
5,في,7
5,السنه,2
5,اهل,3
5,الخطب,1
5,زبدي,1
5,فاكلت,1
5,الكلاب,2
5,دور,2
5,لحوم,2
5,والصلاه,3
5,اكلوا,3
5,فرفع,1
5,ابتاد,1
5,مه,1
5,واكل,1
5,فكتب,1
5,بالرغفان,1
5,الجرعاني,1
5,امد,1
5,المجاعه,3
5,فرحل,1
5,الجنيد,1
5,انما,1
5,مكه,2
5,ويجوز,1
5,الغراره,3
5,الويبه,1
5,بالقوت,1
5,قيل,2
5,لبعض,1
5,بالغلبه,1
5,الاسعار,1
5,يهلكوا,1
5,النيل,3
5,اصحاب,1
5,خوف,1
5,عيد,1
5,ابيع,2
5,دنانير,1
5,السميد,1
5,وخمسماه,1
5,ثلاثين,1
5,عنها,1
5,الانفس,2
5,والرمم,1
5,انا,1
5,الارض,1
5,ان,1
5,البلا,1
5,فنا,1
5,فارسل,1
5,السلطان,2
5,اكثر,1
5,فهلك,1
5,كما,1
5,وغيرها,1
5,بقي,1
5,حولها,1
5,فامرهم,1
5,اذا,1
5,وازم,1
5,المحطه,1
5,يساوي,1
5,الزرع,1
5,وهو,3
5,المفهم,1
5,قيمه,1
5,الحضره,1
5,الموت,2
5,وتسعين,1
5,صاحب,1
5,الجيف,1
5,امراه,2
5,والادميين,1
5,عن,2
5,ومكثت,1
5,هذا,1
5,رضي,3
5,عبد,1
5,وما,1
5,سبع,1
5,بان,1
5,ال,1
5,وزاد,1
5,الخشكار,1
5,بلغ,1
5,شوهد,1
5,والرساتيق,1
5,رجلا,1
5,اللحم,1
5,ومات,1
5,الاردب,1
5,الحب,1
5,مجاهد,1
5,والرزايا,1
5,او,1
5,اصعب,2
5,يفتنون,1
5,فرد,1
5,الوبا,1
5,واكلت,1
5,الكر,1
5,بافريقيه,1
5,بدمشق,1
5,قد,1
5,منعوا,1
5,الشتا,1
5,فاكل,1
5,بغداد,1
5,الفي,1
5,الميتات,1
5,وبلغ,1
5,بهم,1
5,ثمان,1
5,شيخنا,1
5,يقطع,1
5,الغش,1
5,المطففين,1
5,وقتل,1
5,ثم,1
5,اصابهم,1
5,عند,2
5,خطوه,5
5,والبصره,1
5,توصل,1
5,الدين,1
5,الوزن,1
5,ثاني,1
5,اليهم,1
5,بالمرض,1
5,للبغدادي,1
5,بهتك,1
5,والميته,1
5,والكلاب,1
5,اتيناكم,1
5,ذبحوا,1
5,واتغبه,1
5,نالهم,1
5,الله,1
5,مثلا,1
5,حال,1
5,حيث,1
6,القاضي,1
6,القمح,3
6,الله,15
6,الخطاب,1
6,يجارون,1
6,كما,1
6,سكان,1
6,من,10
6,فانجلي,2
6,ودخلها,1
6,كان,2
6,الخبز,1
6,الميته,3
6,قبل,1
6,السلطان,1
6,الجند,1
6,حتي,5
6,رغيفا,2
6,اوله,2
6,فرحلوا,1
6,البلاد,2
6,غراره,1
6,النيل,2
6,فاكل,2
6,والعراق,1
6,الناس,6
6,عن,1
6,والاقوات,1
6,لشده,1
6,بحمل,1
6,احدي,1
6,السعر,4
6,عمر,5
6,سنه,2
6,صرف,2
6,اقول,2
6,والمقريزي,1
6,ثم,1
6,الي,12
6,الصدقات,1
6,ستماه,1
6,دينار,1
6,محمد,2
6,واعقبه,1
6,مسري,1
6,فمات,1
6,شوال,1
6,بن,1
6,الاستسقا,1
6,واستغاثوا,1
6,وهذا,1
6,الجيف,4
6,السلام,1
6,فاستغاثوا,4
6,الكلبي,1
6,بستان,1
6,وفقد,1
6,القام,1
6,المغرب,1
6,فلما,1
6,الموت,1
6,عند,1
6,يعرف,1
6,وفيه,3
6,وعز,1
6,يشتري,1
6,ذلك,2
6,وارخت,1
6,في,7
6,عنه,1
6,والشام,1
6,اكلت,2
6,نفقه,1
6,يموت,1
6,ماه,3
6,بلاد,1
6,ظهر,1
6,واربع,1
6,جميعا,1
6,جدا,1
6,لا,1
6,بالاخضر,1
6,الدقيق,3
6,بالاستسقا,1
6,والانفس,2
6,تحصيل,2
6,وكان,1
6,فانجلا,1
6,السمن,1
6,بعضهم,2
6,البيت,2
6,الذره,1
6,وفيها,2
6,العامه,2
6,الادميين,2
6,واصلاح,3
6,الارواح,1
6,الاسعار,1
6,يديه,1
6,الطاعون,1
6,وثلاثين,2
6,واكلت,1
6,متي,1
6,فهموا,1
6,وتفرقت,3
6,حدث,1
6,سبع,2
6,الاندلس,1
6,منه,1
6,وان,1
6,انه,2
6,ان,1
6,السنه,1
6,علي,2
6,فسالوا,1
6,فتعذرت,1
6,غيركم,1
6,الجنه,1
6,الرطل,1
6,زادا,1
6,شديد,1
6,الشعانين,1
6,السميد,1
6,وثلث,1
6,الاعمال,1
6,رطلين,1
6,وثلاث,1
6,وعاد,1
6,زمان,1
6,والاموال,2
6,اياتنا,1
6,بدعا,1
6,الصلاه,1
6,بسعدون,1
6,وفي,1
6,اهل,1
6,وعظم,2
6,كثير,1
6,خلق,2
6,مات,1
6,ابتلينا,1
6,وجد,1
6,ومصر,1
6,الكلب,1
6,فبلغ,1
6,بالخروج,1
6,اصابتهم,1
6,يازم,1
6,اربعه,1
6,واستقرت,1
6,عرق,1
6,وقفز,1
6,محاصر,1
6,هذا,1
6,وجب,1
6,المطهره,1
6,وولي,1
6,نصف,1
6,شهر,1
6,صقليه,1
6,بسيل,1
6,كافل,1
6,والروث,1
6,بها,1
6,وفشا,1
6,المجتمع,1
6,السما,1
6,الفصل,1
6,خمس,1
6,الوهاب,1
6,وكسبهم,1
6,العهد,1
6,الملح,1
6,الغلا,1
6,الامر,1
6,فاجلي,1
6,وبلغ,1
6,سته,1
6,الكر,1
6,رجل,1
6,مقيم,1
6,درهما,1
6,بالدمشقي,1
6,وانقطع,1
6,اخبرنا,1
6,وقيل,1
6,لعلهم,1
6,الجهاد,1
6,العقوبات,2
6,روي,1
6,بالغزو,1
6,متين,1
6,والحمر,1
6,بالف,1
6,غلا,1
6,الغلات,1
6,وانقطعت,1
6,التبن,1
6,طالبا,1
6,فارس,1
6,كر,1
6,الدفن,1
6,وتسعين,1
6,تاج,1
6,الفي,1
6,العادل,1
6,والخداع,1
6,والمحتكرين,1
6,ودي,1
6,اخذوا,1
6,داود,1
6,امراه,2
6,حماره,5
6,وبلخ,1
6,بيتي,1
6,والكيل,1
6,عشر,1
6,الذي,1
6,قلوبهم,1
6,ج,1
6,استارهم,1
6,والكلاب,1
6,والعلهز,1
6,البستان,1
6,فيما,1
6,دوابهم,1
6,غيره,1
6,عليه,1
6,قريه,1
6,قال,1
7,ابا,1
7,الي,6
7,صلي,2
7,رضي,1
7,كل,3
7,مثلا,1
7,يضجون,1
7,امتحنا,1
7,الارض,1
7,الثمرات,2
7,من,10
7,رافع,1
7,يدفن,1
7,اربعه,1
7,والكلاب,1
7,نزولهم,1
7,الطعام,2
7,وكانت,1
7,اكل,2
7,بالف,2
7,كان,1
7,عنها,3
7,فبيعت,1
7,الحنطه,3
7,وتعذرت,1
7,الناس,3
7,والموصل,1
7,الميته,2
7,حمص,1
7,القوت,1
7,لهرب,1
7,شدته,1
7,الجوع,1
7,وخمسين,1
7,فلو,4
7,بالناس,5
7,تسع,1
7,لم,2
7,في,7
7,صرف,1
7,المدينه,1
7,وعمل,1
7,فارتفع,1
7,بن,2
7,الوبا,1
7,وانتهي,1
7,بشر,1
7,اغار,1
7,نصر,1
7,فاستسقوا,1
7,بالنبي,5
7,منهم,2
7,مصداق,1
7,والميته,1
7,فخرج,1
7,ياتيهم,1
7,العسر,1
7,يقال,1
7,الخبز,1
7,بامر,1
7,وسكون,1
7,حوادث,2
7,جاه,1
7,اشد,1
7,غلا,1
7,ابيع,2
7,بابن,1
7,اقام,1
7,بمكه,1
7,لزم,1
7,شده,2
7,هذه,1
7,مات,2
7,المحمل,1
7,فيها,1
7,البيعه,1
7,درهم,2
7,الروم,2
7,مه,1
7,وفيها,5
7,يجوز,1
7,مع,1
7,ما,2
7,بيع,3
7,وهو,1
7,والمعني,3
7,عليه,6
7,قوت,2
7,ذلك,2
7,كثيرا,1
7,بعضا,2
7,اشتري,1
7,كانوا,2
7,ان,1
7,سبعه,1
7,وبيعت,2
7,قال,2
7,ذات,3
7,واما,2
7,يطيب,1
7,وفي,1
7,دينارا,1
7,وبقي,1
7,الجيف,1
7,سلطان,1
7,الميتات,1
7,بفتح,1
7,المغرب,2
7,الجماعه,3
7,الشام,1
7,الكور,1
7,الطاعون,1
7,سنين,2
7,الاندلس,1
7,ويقيم,1
7,بثلاثماه,1
7,الشعير,1
7,طافه,1
7,منعتم,1
7,تطلق,1
7,اعم,1
7,النصاري,1
7,الاقوات,1
7,او,1
7,روي,1
7,بتسعه,1
7,عما,1
7,منع,1
7,رطلا,1
7,رطلين,1
7,التليس,1
7,وعظم,2
7,بدرهم,1
7,ابو,2
7,ماه,3
7,جده,1
7,لعلهم,1
7,اي,1
7,النبي,1
7,والسلام,1
7,هذا,2
7,البيت,1
7,الخطب,2
7,ونفدت,1
7,عليهم,2
7,اهلها,1
7,حتي,1
7,كثير,2
7,اكثر,1
7,اصحاب,1
7,صبي,1
7,وديار,1
7,البلاد,1
7,يدخل,1
7,لمن,1
7,القمح,1
7,السنه,1
7,اذا,1
7,دنانير,2
7,ايام,1
7,الحال,1
7,ولحقه,1
7,جماعه,1
7,مقيم,1
7,الدعا,1
7,تعريفها,1
7,يعني,1
7,قرر,1
7,عجزوا,1
7,علي,1
7,توت,1
7,حشوان,1
7,سته,1
7,الوزير,1
7,حلب,1
7,وماتوا,1
7,ولحق,2
7,وبلغ,1
7,المصري,1
7,انه,1
7,وسبعين,1
7,عنه,3
7,دينار,1
7,بمثله,1
7,بعضهم,1
7,اشتد,1
7,باهل,1
7,عن,3
7,الكر,1
7,ياكل,1
7,بغداد,1
7,بظاهر,1
7,فاشتري,1
7,بسته,1
7,فلم,2
7,سميت,1
7,يتضرعون,1
7,فان,1
7,واسوها,2
7,والجهاد,1
7,الاهواز,1
7,وعشره,1
7,اكلوا,1
7,وست,1
7,السعر,1
7,رغيفا,1
7,ماده,1
7,للانجاد,1
7,وثمانين,1
7,اربع,1
7,وخمسماه,1
7,الدين,1
7,فارس,1
7,والحيل,1
7,القاضي,1
7,ملكهم,1
7,عليهما,1
7,لقمه,2
7,ميل,5
7,الظما,1
7,تحصيل,1
7,وزياده,1
7,ذي,1
7,ينزل,1
7,الرعب,1
7,ص,1
7,وما,1
7,والجيف,1
7,قيل,1
7,اذ,1
7,لا,1
7,التلب,1
7,هلاك,1
7,واله,1
7,كانت,1
7,الضمير,1
7,اللهم,1
8,محمد,2
8,مايه,1
8,الله,5
8,اردب,1
8,وضرب,1
8,ويجزعون,1
8,اصحاب,1
8,ارض,1
8,من,7
8,اهل,3
8,فاقام,1
8,الجماعه,1
8,ارطال,1
8,والسنانير,2
8,فلها,1
8,فاشتد,1
8,فتنه,1
8,الناس,2
8,دينار,2
8,سنه,3
8,وعادوا,1
8,الغراره,1
8,اكثر,2
8,الاقوات,2
8,الميته,2
8,والجزيره,1
8,والكلاب,2
8,اليه,1
8,واكلوا,1
8,الاكره,1
8,علي,4
8,ثم,2
8,الي,7
8,نقصنا,4
8,فصلي,5
8,وتسعين,1
8,واستقر,2
8,يشكو,2
8,عقوده,1
8,باجمعهم,1
8,الخير,1
8,سبعماه,1
8,بعد,1
8,بشاره,1
8,المفرط,1
8,كثير,1
8,في,5
8,صلي,6
8,يوم,2
8,قوله,1
8,و,1
8,موسي,1
8,بكل,1
8,له,1
8,واقترن,1
8,ثانيه,1
8,الرسول,1
8,منه,1
8,الرغيف,1
8,النشو,1
8,شيخ,1
8,وجود,1
8,قمح,1
8,السلطان,1
8,الطاعون,1
8,السنه,1
8,الافراط,1
8,هذه,1
8,اشيا,1
8,الشامي,1
8,القطاط,1
8,وفيه,1
8,كل,1
8,والشعير,1
8,وكانوا,1
8,دمياط,1
8,النيل,1
8,توفي,3
8,السعدا,1
8,ولا,1
8,الغلا,1
8,وان,1
8,المجلس,1
8,ولقد,3
8,وسلم,6
8,يحفظ,2
8,المخزن,1
8,لان,1
8,وتشتتوا,2
8,لناصر,1
8,يموتون,2
8,ال,1
8,وعشرين,1
8,الاولاد,2
8,الحاكم,1
8,ابن,3
8,البين,3
8,الموت,2
8,لم,1
8,عيش,1
8,السما,1
8,واكل,2
8,النسا,1
8,والروث,1
8,الدوله,1
8,رصاصا,1
8,الابواب,1
8,والحجاز,2
8,وهلك,3
8,فاشتري,1
8,ان,2
8,بالشام,1
8,حتي,2
8,ويقيم,1
8,فيها,1
8,درهم,1
8,باربعين,1
8,منهم,1
8,الفروج,2
8,ثماركم,1
8,بالغلبه,1
8,كما,1
8,الاحوال,1
8,تحويل,1
8,دراهم,2
8,عهد,1
8,طرف,1
8,النصاري,1
8,بدرهم,2
8,والحمله,2
8,الفساد,1
8,العباس,1
8,واحسبه,1
8,مراكش,1
8,المستنصر,1
8,يتضرعون,1
8,مكروا,1
8,فخرج,4
8,بعض,1
8,الحديث,1
8,كانوا,1
8,وهناك,1
8,حواصل,1
8,توفيت,1
8,جرادا,1
8,بالمصادره,1
8,خلت,1
8,جدا,1
8,الجنه,1
8,مشوي,1
8,بكر,1
8,وذكر,1
8,بيت,1
8,الاردب,2
8,الاستسقا,1
8,الشديده,1
8,اشتد,1
8,واكثر,1
8,المقتدر,1
8,هوا,1
8,بظاهر,1
8,بحديث,1
8,وصح,1
8,امير,1
8,الشريف,1
8,وفقد,1
8,عن,1
8,بن,1
8,نقص,1
8,تشرين,1
8,دنانير,2
8,فالتقي,1
8,جانم,1
8,بالبصره,1
8,بني,1
8,زمن,1
8,تمطر,1
8,كان,1
8,وكلما,1
8,الشاه,1
8,ذلك,2
8,صوري,1
8,التوسط,1
8,مع,1
8,اربعين,1
8,بعضا,1
8,وثلاثين,1
8,بانطاكيه,1
8,طرسوس,1
8,مكه,1
8,الدقيق,1
8,ونصف,1
8,ماه,2
8,كلبا,1
8,لكونهم,1
8,بغداد,1
8,به,1
8,وخمسه,1
8,يزرع,1
8,عمرو,1
8,مقدسه,1
8,يتذللون,1
8,تخلفوا,1
8,اذا,2
8,يعني,1
8,فانه,1
8,ورد,1
8,ابو,1
8,لحوم,1
8,فلو,1
8,النواحي,1
8,بالف,1
8,البحر,1
8,اوقيه,1
8,وللشهاب,1
8,درهما,1
8,خمارتكين,1
8,وسبعين,1
8,ببغداد,1
8,البلا,1
8,العام,1
8,محمود,1
8,عليهم,1
8,عكا,1
8,والاحتكار,1
8,هشام,1
8,اول,1
8,فامرهم,1
8,السلام,1
8,تطوي,5
8,الغرق,1
8,بالزورا,1
8,قوت,1
8,الغلات,1
8,القعده,1
8,ناحيه,1
8,بهم,1
8,وما,2
8,يظهر,1
8,اقسموا,1
8,قبل,1
8,يبق,1
8,الخسار,1
8,مواشيهم,1
8,واله,1
8,امنه,1
8,اشدد,1
9,بن,4
9,سبعه,1
9,عليه,2
9,عنه,1
9,بماه,1
9,الله,7
9,ونقول,1
9,البستان,1
9,مصر,1
9,ذهاب,1
9,مكه,3
9,بها,1
9,في,10
9,بقيراطين,1
9,واخذ,1
9,طمعوا,1
9,البلا,1
9,وفيها,2
9,بعضهم,1
9,فاستبعد,1
9,سبع,1
9,الي,2
9,الحنطه,1
9,من,12
9,حتي,2
9,والكلاب,4
9,والشام,1
9,واكل,1
9,وتردد,1
9,الكلاب,1
9,عن,1
9,الغزو,1
9,بعده,2
9,مرو,2
9,سنه,2
9,بهم,5
9,بحرا,1
9,استادار,2
9,توقف,2
9,وطوله,1
9,ولي,1
9,ويقولون,1
9,وفرق,1
9,فنادي,1
9,ذلك,1
9,بمعامله,1
9,وفيه,2
9,عشرين,1
9,وفي,3
9,قرقماس,1
9,شرف,1
9,شهر,1
9,بدر,2
9,صلي,1
9,ابو,2
9,يستسقي,1
9,ما,3
9,اليسر,1
9,ضروان,1
9,بذلك,1
9,صاحب,1
9,مدينه,1
9,ه,2
9,يوسف,1
9,فان,1
9,الخبز,1
9,كان,1
9,نايب,1
9,الفلفل,1
9,ودقيق,1
9,الفراش,1
9,بالبحيره,1
9,ولقبت,1
9,قواد,1
9,السنه,1
9,وقام,1
9,فرق,1
9,يوم,1
9,والفول,1
9,سنين,1
9,المبارك,1
9,والفقرا,1
9,اعرف,1
9,السابق,1
9,الذهاب,1
9,التمر,1
9,الاخير,1
9,ارسلنا,3
9,عليهم,2
9,نفسه,1
9,له,6
9,المن,1
9,الدوله,1
9,الامر,1
9,دينارا,2
9,وجلا,2
9,بامر,1
9,الاثير,2
9,اسماعيل,1
9,احمد,1
9,وخرج,3
9,فيقال,2
9,يذهب,1
9,الممن,1
9,ودعا,1
9,الناس,2
9,فكن,1
9,وماتوا,1
9,يستنجد,1
9,والقطاط,1
9,ومعاملتهم,1
9,وعلم,1
9,واليمن,2
9,القوي,3
9,الدقيق,3
9,لاجل,1
9,اكلوا,2
9,فيها,1
9,ويملكها,1
9,ومن,1
9,درهما,2
9,خرجت,1
9,بالاسكندريه,2
9,هذه,1
9,علي,1
9,تطلق,1
9,فيقومها,1
9,يبتهلوا,1
9,وقيل,2
9,الحال,1
9,ثم,2
9,رجل,1
9,واللحم,1
9,والحمله,1
9,والضرر,1
9,قد,1
9,مات,1
9,حسبما,1
9,يتذللون,1
9,باياتنا,1
9,موسي,1
9,الخرابات,1
9,دليل,1
9,يموتون,1
9,ان,4
9,السلطان,1
9,ام,1
9,مل,1
9,والحصار,1
9,المنازل,1
9,واستمر,1
9,قال,1
9,وكثر,2
9,وديار,1
9,الشخص,1
9,المصري,1
9,فصلي,1
9,ولا,1
9,وقوله,1
9,رحمه,1
9,خمسه,1
9,عند,1
9,العسكر,1
9,بغداد,1
9,ابن,1
9,بيعها,1
9,الممنين,1
9,الكبير,1
9,الحيوان,1
9,تكفينهم,1
9,فلاح,1
9,الثاني,1
9,امر,1
9,الثغر,1
9,الطرق,1
9,حر,1
9,ماه,3
9,ادم,1
9,الملف,1
9,ثلاث,1
9,جا,1
9,بالناس,1
9,الشاذياخي,1
9,ولمولاي,1
9,مع,1
9,اهلها,1
9,طاعون,1
9,بعد,1
9,وجميع,1
9,ذكر,1
9,وتسعين,1
9,مشويا,1
9,نهبوا,1
9,رغيفا,1
9,وبسبعه,1
9,الجوع,1
9,دراهم,1
9,عمر,2
9,باليمن,1
9,الفرابي,1
9,لان,1
9,اللهم,2
9,ويتخشعون,1
9,وقعوا,1
9,هم,2
9,واتلاف,1
9,عباس,1
9,تعالي,1
9,توزون,1
9,واكلوا,1
9,نصر,1
9,الادميين,1
9,درهم,1
9,نقصنا,1
9,دينار,1
9,لهيجه,1
9,بقرطاس,1
9,محمود,1
9,وبيع,1
9,وانضاف,1
9,وستماه,1
9,المحرم,1
9,خمارتكين,1
9,الميره,1
9,والتطفيف,1
9,ذي,1
9,بالاستسقا,1
9,به,1
9,فشكوا,1
9,خبز,2
9,والسند,1
9,يحفظ,1
9,فباع,1
9,السعر,1
9,الفا,1
9,فاذا,1
9,النبي,1
9,الاموال,1
9,العلهز,1
9,ليصرمنها,1
9,لكم,1
9,لهم,1
9,تبا,1
9,والبلا,1
9,فكلوا,1
9,وسلم,1
9,اي,1
9,خرجنا,1
9,وطاتك,1
10,الطليعه,1
10,ستين,1
10,وسلم,2
10,فخرج,1
10,وعشرين,1
10,مثلا,1
10,لهم,1
10,باحراقها,1
10,فينظر,1
10,الثمرات,1
10,كثير,1
10,وذلك,1
10,القبر,1
10,صحيح,1
10,بعضهم,2
10,في,8
10,فدعته,1
10,توفي,1
10,بعضا,1
10,ذلك,6
10,وثلاثين,2
10,اشبيليه,1
10,بدمشق,1
10,ماه,1
10,اكل,3
10,والسنانير,2
10,وغير,1
10,الناس,4
10,والميته,1
10,بلادهم,1
10,وفيها,3
10,ابقه,1
10,فاعطي,2
10,خمس,1
10,هذا,4
10,ركعتين,5
10,اما,2
10,الصحبه,2
10,نيلنا,2
10,محمد,1
10,وكاله,1
10,اسلمنا,1
10,الذهب,1
10,الناب,1
10,اضعاف,1
10,صفد,1
10,اعيد,1
10,اصبعا,1
10,اوال,1
10,بنحسين,1
10,الدين,1
10,رجب,1
10,عليه,6
10,الثاني,1
10,الله,3
10,جهل,1
10,ببني,1
10,يحتاجون,1
10,اولك,1
10,باليمن,1
10,وبا,1
10,المغرب,1
10,قرب,1
10,هياج,1
10,حاش,1
10,لفظ,1
10,خالفوا,1
10,بدينار,1
10,يحتكر,1
10,الشام,1
10,وكان,1
10,وخبز,1
10,لمعاوده,1
10,وفيه,1
10,بسنه,1
10,سار,1
10,مكه,1
10,لا,1
10,امرا,1
10,اقام,1
10,حتي,1
10,السلطان,2
10,مما,2
10,من,10
10,صعبه,1
10,اخذوها,1
10,العلا,1
10,للشيخ,1
10,فبلغنا,1
10,بيع,1
10,وهو,2
10,اليهم,3
10,كما,2
10,ففزع,1
10,منفس,1
10,الكثير,2
10,منه,1
10,البلاد,2
10,كر,1
10,ليله,2
10,بهم,5
10,والارز,1
10,اشتد,2
10,بن,2
10,اخرج,1
10,يفر,1
10,بدعا,1
10,وقع,1
10,النخاله,1
10,المخدرات,1
10,علي,4
10,به,3
10,قال,2
10,بالرصاص,1
10,ابن,2
10,والشام,2
10,فكيف,3
10,والسمن,1
10,كانت,1
10,هلا,1
10,الجيف,3
10,ويملكها,1
10,تسع,1
10,الشعير,2
10,والبقسماطه,1
10,قاصده,1
10,بسته,3
10,الظاهره,1
10,فيه,3
10,الي,3
10,هو,2
10,مروان,1
10,دخل,1
10,قديم,1
10,تزيين,1
10,اربع,1
10,الدقيق,1
10,وكثر,1
10,باربعه,1
10,اعد,1
10,هناك,1
10,سنه,1
10,ويتخشعون,1
10,بدفعها,1
10,ليستسقي,1
10,فقلت,1
10,واضح,1
10,ال,2
10,شرف,1
10,الارض,6
10,حولهم,1
10,واقفرت,1
10,الفقرا,1
10,الموت,1
10,الجزيره,1
10,رجلا,1
10,وياكل,1
10,ماتين,1
10,يقال,1
10,والله,1
10,الاف,1
10,ادراكه,1
10,مسعود,1
10,وجاز,1
10,الظاهر,1
10,العجمي,1
10,فلم,1
10,ومواراتهم,1
10,دمشق,1
10,النيل,1
10,عندما,1
10,البحر,1
10,الذي,2
10,يوم,1
10,واكلت,2
10,وسموم,1
10,الوبا,1
10,دينار,1
10,واشتهر,1
10,نتعرف,1
10,سنين,1
10,بيعه,1
10,فصلي,1
10,شيخ,1
10,قريه,1
10,ما,1
10,بصقليه,1
10,اتي,1
10,والحنطه,1
10,فراغهم,1
10,واكل,1
10,الثغور,1
10,كان,1
10,دينارا,1
10,فهلكوا,1
10,الجانب,1
10,فقال,1
10,دراهم,1
10,بحلب,1
10,نقره,1
10,بالناس,1
10,زرع,1
10,اخبرنا,1
10,فيها,1
10,اشدد,2
10,واصله,1
10,الغلات,1
10,امر,1
10,والقول,1
10,رضي,1
10,النرسي,1
10,انه,1
10,تصل,1
10,فاستبعد,1
10,ولولا,1
10,ففقد,1
10,ثم,1
10,ابقاه,1
10,الخبز,1
10,معهم,1
10,وخمسين,1
10,نقل,1
10,خلع,1
10,عبد,1
10,وانضاف,1
10,كتبه,1
10,الحجه,1
10,فجعلوا,1
10,نفسه,1
10,فوضعتها,2
10,الشقاق,1
10,بالاموال,1
10,وماتي,1
10,اشتروه,1
10,تهتك,1
10,وسراياه,1
10,و,1
10,خبث,1
10,والاولاد,1
10,يقطعون,1
10,له,1
10,حين,1
10,ذات,1
10,وراجين,1
11,الذي,2
11,درهم,2
11,فخرج,1
11,عمر,1
11,درهما,1
11,قريه,1
11,الممنون,1
11,وذهاب,1
11,كيف,1
11,لعلهم,1
11,ورحل,3
11,سنه,1
11,الواحد,1
11,اميري,1
11,ومعه,1
11,البلاد,1
11,الضروره,1
11,عبد,2
11,فكان,1
11,فقيل,1
11,وخمسماه,1
11,فاقاموا,1
11,وهي,1
11,دينار,2
11,الناس,2
11,فقل,1
11,ذلك,2
11,بعضهم,2
11,في,6
11,وقد,1
11,ويطلب,1
11,عسكر,1
11,خمس,2
11,الجنيد,1
11,وخمسين,1
11,فقال,5
11,وخالف,5
11,للشام,1
11,ثم,2
11,سل,2
11,بن,2
11,بيت,2
11,فكانوا,1
11,والفضه,1
11,مضاعفه,1
11,وفيه,1
11,اقبغا,1
11,من,7
11,هذا,1
11,ابو,4
11,وفي,1
11,فخطب,1
11,وسلم,6
11,انهن,1
11,عليه,1
11,هو,1
11,اسرانيل,1
11,اليه,3
11,الذين,2
11,دون,1
11,عظيم,2
11,ريح,1
11,وحاشا,1
11,سنين,2
11,ادبهم,1
11,والرطل,1
11,الغلال,1
11,المحمل,1
11,قل,1
11,خروج,1
11,الم,1
11,ورد,1
11,الشراقي,1
11,الماكولات,1
11,بطيخ,1
11,مصر,1
11,شيخ,2
11,فقدت,1
11,بيعه,1
11,يحصيه,1
11,خمسين,1
11,فنعوذ,1
11,الفرنج,1
11,هذه,1
11,احمد,2
11,الفقرا,1
11,عز,1
11,ان,4
11,التجار,1
11,الصاع,1
11,السادس,1
11,الرسل,3
11,بلونا,2
11,غير,1
11,بلغ,1
11,وكاد,2
11,دقيق,1
11,واحده,1
11,الي,7
11,اكثر,1
11,ومات,2
11,الغلا,3
11,ابي,1
11,قبل,1
11,بدينه,1
11,والحشيش,1
11,يخرجن,1
11,الطرقات,1
11,فلم,1
11,غرس,1
11,يبلغ,1
11,مروان,1
11,وتفرقوا,2
11,الضعيف,3
11,والزيت,1
11,امنه,1
11,والعظام,2
11,تسع,1
11,باثني,1
11,وثلاثين,2
11,كما,1
11,العام,1
11,بالدراهم,1
11,الهم,1
11,بعضا,1
11,وغلا,1
11,قتلهم,1
11,العسر,1
11,عن,1
11,الافرم,1
11,اعوامه,1
11,اللصوص,1
11,كناسهم,1
11,اواق,1
11,باربعه,1
11,دنانير,2
11,الجوع,1
11,ستين,1
11,وكان,1
11,مشروح,1
11,لربهم,1
11,وانكارها,1
11,ببني,1
11,له,1
11,علي,2
11,ليله,1
11,بهم,3
11,العليق,1
11,الدوله,1
11,فتعوضوا,1
11,المعاقل,1
11,والاغنيا,1
11,مده,1
11,عباس,1
11,وفيها,2
11,والشام,1
11,بواسط,1
11,ولده,1
11,واربعين,1
11,ركعتين,1
11,اسنت,1
11,لا,1
11,وخلا,1
11,دينارا,3
11,اتلفه,1
11,دمشق,1
11,الجانب,1
11,لاعزاز,1
11,والشيخ,1
11,يقدر,1
11,وارجف,1
11,وقبض,1
11,ولم,2
11,تنحسر,1
11,بمراكبهم,1
11,كان,2
11,الخميس,1
11,لحومهم,1
11,تتساقط,1
11,وبيع,1
11,وري,1
11,ا,1
11,انطاكيه,1
11,زاد,1
11,صالح,1
11,خالصه,1
11,وسرعه,1
11,واكل,1
11,المكوك,1
11,حتي,1
11,الكلاب,2
11,مجاورا,1
11,توفي,2
11,وزاد,1
11,الجامع,1
11,عريا,1
11,الغربي,1
11,تشكون,1
11,والغراره,1
11,وحماه,1
11,والشعير,1
11,فصلي,1
11,زمنا,1
11,المكان,1
11,وهذا,1
11,وطاتك,2
11,الانقياد,1
11,السنه,1
11,مبلسون,2
11,بالافات,1
11,قوله,2
11,الغزو,1
11,الثاني,1
11,الله,2
11,بغداد,1
11,وحتي,1
11,الجيف,1
11,اخرج,1
11,الكر,1
11,احرقت,1
11,عشر,1
11,سرايا,1
11,شهر,1
11,الاتابك,1
11,ببغداد,1
11,الكريم,1
11,معهم,1
11,سار,1
11,الكيل,1
11,العلوي,1
11,يستسقون,1
11,فحضر,1
11,منهلا,5
11,الهند,1
11,نفاق,1
11,نفسه,1
11,وقبضوه,1
11,استارهم,1
11,الاعراف,1
11,سرارهم,1
11,اذا,1
11,كانوا,1
11,ثمرتها,1
11,الدواب,1
11,وتلبا,1
11,اصابهم,1
11,رزقكم,1
11,قال,1
11,امن,1
11,فضل,1
11,مضر,1
12,كان,2
12,وكذا,1
12,موسي,2
12,بالناس,1
12,ثم,5
12,كانت,1
12,لا,2
12,قوتهم,1
12,تعملون,1
12,يذكرون,1
12,عنها,2
12,تسع,1
12,ولا,1
12,واكل,2
12,صبي,1
12,لعدم,1
12,الي,3
12,الصمد,1
12,الانسان,1
12,انها,1
12,وعظم,1
12,بها,2
12,اربعه,1
12,صوري,1
12,الميته,2
12,الكلاب,1
12,الا,4
12,بعضا,2
12,حمل,1
12,كثر,1
12,منه,2
12,عبد,2
12,عشره,1
12,رجلا,1
12,وكشف,1
12,انت,4
12,بين,5
12,او,1
12,اعيد,1
12,الله,3
12,المال,1
12,يضيقون,1
12,وخرج,1
12,الفقرا,1
12,الجمالي,1
12,عشرين,2
12,السنه,2
12,نعير,1
12,الطيب,1
12,مرض,1
12,بهم,1
12,ليدعو,4
12,يوم,2
12,وسلم,1
12,عمرو,1
12,فلم,1
12,من,6
12,يدعون,1
12,صنعا,1
12,فهلك,1
12,الطاهر,1
12,المقدس,1
12,شديده,1
12,لله,1
12,شذوذان,1
12,اللحم,1
12,فقتلوه,1
12,الشامي,1
12,بمصر,2
12,الجلال,1
12,رجله,1
12,الخبر,1
12,ومن,1
12,سيما,1
12,بن,3
12,شهر,1
12,في,4
12,نايب,1
12,النفقه,1
12,ديوان,1
12,بالله,1
12,قلت,1
12,فاكثرهم,1
12,الدين,1
12,الاردب,1
12,للعرب,1
12,باربعين,1
12,عشر,2
12,فكذبوهم,3
12,اصحاب,2
12,وشفاعته,1
12,بابه,1
12,سبعه,1
12,الخراب,2
12,وحتي,2
12,اكل,2
12,بعض,3
12,علي,6
12,والوبا,2
12,سعد,1
12,الصحرا,3
12,بالحرب,1
12,ووقع,1
12,فكانت,1
12,ينجده,1
12,النعمه,1
12,الدينار,1
12,فقبض,1
12,ايدي,1
12,ونحف,2
12,وحمله,1
12,مطمنه,1
12,شربوا,1
12,والكلاب,2
12,سنين,1
12,ويستفتح,1
12,ماتي,1
12,مكه,1
12,درهما,3
12,ابنا,1
12,ليدعوا,1
12,تطلق,1
12,ولما,1
12,ويصرف,1
12,فدعوا,1
12,مع,1
12,واسرهم,1
12,الكلبي,1
12,والامرا,1
12,فتشام,1
12,بدرهم,1
12,دنانير,1
12,والخبز,1
12,حتي,1
12,وثلثين,1
12,دينارا,1
12,مولده,1
12,وسبعين,2
12,ويتوبون,1
12,روي,1
12,حيث,1
12,اسرايل,1
12,بالذي,1
12,ان,1
12,الامر,2
12,وتمزقوا,1
12,فاقامت,1
12,وكانت,1
12,به,2
12,خارج,1
12,وفيها,2
12,شهور,1
12,بستان,1
12,توفي,1
12,وغير,1
12,ذبح,1
12,ونهك,1
12,وهو,1
12,عنه,2
12,وخالف,1
12,يخلص,1
12,كثير,1
12,يساوي,1
12,مقاطعه,1
12,وهرب,1
12,ووقعت,1
12,الغربي,1
12,واستجيب,1
12,تكون,1
12,دين,1
12,نجيب,1
12,بمسير,1
12,جميع,2
12,يوف,1
12,المياه,1
12,يعطي,1
12,وهم,1
12,اول,1
12,وبيع,1
12,الغايه,1
12,الكلب,1
12,خلالها,1
12,فقال,2
12,انبيا,1
12,السعر,1
12,ركعتين,2
12,سديد,1
12,يدخل,1
12,يحمل,1
12,حواله,1
12,بعضهم,1
12,بسبعين,1
12,الحشيش,1
12,لم,2
12,هذه,1
12,ذلك,1
12,وانسان,1
12,وجوعا,1
12,كر,1
12,الجوع,1
12,القمح,1
12,وغيرهما,1
12,طويلا,1
12,الذي,1
12,مروي,1
12,وترك,1
12,الناس,1
12,متحيرون,1
12,قال,1
12,تعالي,2
12,والجهاد,1
12,انه,1
12,وقد,1
12,حكي,1
12,وصلت,1
12,ابو,1
12,وتفاقم,1
12,يحج,1
12,فقيل,1
12,والسنانير,1
12,العقيبه,1
12,علينا,1
12,اواق,1
12,ابن,1
12,جمادي,1
12,طغتكين,1
12,الفارقي,1
12,سرايا,1
12,صاحب,1
12,والميزان,1
12,الطوفي,1
12,وعبد,1
12,المراكب,1
12,ويتقربون,1
12,يوما,1
12,وطلبوا,1
12,فيها,1
12,منهلا,5
12,والهند,1
12,الملوك,1
12,فحضر,1
12,بالاعراض,1
12,فمها,1
12,عبر,1
12,وخمسين,1
12,بما,1
12,و,1
12,عن,1
12,هم,1
12,ياخذون,1
12,مصبحين,1
12,الخيل,1
12,وككتف,1
12,الممنون,1
12,وجنا,1
12,قيل,1
12,اللهم,2
12,نعمتك,1
13,صاحب,1
13,الاردب,1
13,ببني,1
13,يصلي,1
13,تزايد,1
13,امنه,1
13,تجاروا,1
13,منها,1
13,في,7
13,لكي,1
13,عاملها,3
13,وستين,1
13,يغسلون,1
13,الضعفا,1
13,قد,1
13,الاوات,1
13,ازاله,1
13,الزاهد,1
13,يصيح,1
13,باعت,1
13,الامر,2
13,ذكر,1
13,عشر,1
13,فصبروا,1
13,واكل,1
13,والسنانير,1
13,انه,2
13,وساروا,1
13,الغلات,1
13,فيهم,1
13,ان,5
13,الملك,1
13,سنه,1
13,درهما,6
13,الله,3
13,شيطان,4
13,طرفي,5
13,لمصر,1
13,اليها,1
13,يمدده,2
13,الواحد,1
13,ونظر,1
13,علي,5
13,البلقيني,2
13,بالاجتماع,1
13,رجع,1
13,وقعه,1
13,لكشف,1
13,ذراعا,1
13,اخذ,1
13,بن,2
13,موت,1
13,لهم,5
13,القيامه,1
13,حصنوا,1
13,يسقوا,1
13,بر,1
13,يبتغون,1
13,بفرسخين,1
13,فيه,1
13,اسماعيل,1
13,من,8
13,تنزيه,1
13,الجمع,1
13,بدينار,1
13,شر,1
13,وصنع,1
13,حتي,3
13,بفشا,1
13,حينذ,1
13,اللحوم,1
13,احمد,1
13,معين,1
13,ذلك,4
13,الشام,1
13,مكه,1
13,وجلس,1
13,المواريث,1
13,ستين,1
13,هذا,1
13,الما,1
13,عبد,1
13,سلفا,1
13,القمح,1
13,ماها,1
13,ثم,2
13,بعد,1
13,فاخذناهم,3
13,الجنه,2
13,الرغبه,1
13,فاغلق,1
13,افرنتيه,1
13,حواري,1
13,حكي,1
13,موتي,1
13,الناس,5
13,منصور,1
13,الصوفي,1
13,الابنوسي,1
13,ومعه,3
13,واحد,1
13,والسيف,1
13,الفتن,1
13,قال,4
13,تاثر,1
13,الوبا,1
13,عشرين,1
13,الكلاب,1
13,وشرع,1
13,لقد,1
13,الي,4
13,عليهم,1
13,سبا,1
13,السمين,3
13,ياتيها,1
13,الخمر,1
13,وقيل,2
13,ويستفتح,1
13,فيها,1
13,درهم,1
13,وعند,1
13,وبالقاهره,2
13,السبيل,1
13,كانت,1
13,الدراهم,1
13,وابتهلوا,1
13,لحقهم,1
13,الطعام,1
13,يوم,3
13,اليسر,1
13,عن,4
13,الليل,1
13,ما,2
13,ومات,1
13,وثلثين,1
13,رطل,1
13,اكل,1
13,والتليس,1
13,نفقه,1
13,قصد,1
13,ترجمته,1
13,فلم,1
13,خلقك,1
13,دين,1
13,كل,1
13,خيول,1
13,تركيه,1
13,البلد,1
13,تزوج,1
13,اعقبه,1
13,باليمن,1
13,بنتا,1
13,قاعد,1
13,واما,1
13,بين,1
13,اليك,1
13,فاخذها,1
13,الفلاحون,1
13,المراسله,1
13,كرا,1
13,له,1
13,عوضا,1
13,الدوله,1
13,دجاجه,1
13,القرامطه,1
13,سته,1
13,فيحصدون,1
13,لجميع,1
13,بنو,1
13,ربيع,1
13,العقار,1
13,وجات,1
13,وفي,1
13,بخمسه,1
13,بعض,1
13,لها,1
13,منهم,1
13,فتواقع,1
13,وخالف,2
13,السيره,1
13,عليه,1
13,اليهم,1
13,الاسواق,1
13,بعضا,1
13,الميته,1
13,وكثر,1
13,يقدر,1
13,وانه,1
13,السنه,1
13,يطاف,1
13,وتوفي,1
13,حنطه,1
13,ورغيف,1
13,باربع,1
13,وفيها,2
13,وكانوا,1
13,اخبرنا,1
13,يتقدس,1
13,مضر,2
13,التمرد,1
13,باللعن,1
13,ايسون,1
13,قتاده,1
13,انا,1
13,فهم,1
13,بالناس,1
13,زاد,1
13,الروم,1
13,محمد,1
13,الحسن,1
13,انت,1
13,ركب,1
13,انها,1
13,الجهال,1
13,ولقد,2
13,لمن,1
13,بدرهم,1
13,منيع,1
13,يستولي,1
13,الاخره,1
13,اغارت,1
13,المصحف,1
13,ابي,1
13,ابن,1
13,حماه,1
13,فالف,1
13,وابن,1
13,التي,1
13,بقربانهم,1
13,مجلس,2
13,اليه,1
13,لتاكل,1
13,لا,5
13,وملك,1
13,لتاكلها,1
13,عنه,1
13,يصلوا,1
13,يظهره,1
13,قاله,1
13,مقاتل,1
13,يجارون,1
13,الصوف,1
13,وقت,1
13,والجنود,1
13,برذون,1
13,وفلز,1
13,متحسرون,1
13,ببضاعه,1
13,خطاب,1
13,اشدد,1
13,يغار,1
13,ومملين,1
13,اجعلها,1
14,جبله,1
14,وعدت,1
14,اسرايل,1
14,بهم,1
14,حتي,3
14,ذات,1
14,اليوم,2
14,وكانوا,1
14,طاعته,1
14,يتعظوا,1
14,وهو,2
14,وماتين,1
14,ولا,2
14,الميته,1
14,شواه,1
14,عندهم,1
14,التسعير,1
14,ودفن,1
14,الخبز,1
14,عروضا,1
14,علي,4
14,عده,1
14,مكوكا,1
14,بعضهم,1
14,بعد,1
14,لم,2
14,الي,4
14,وحفظ,1
14,الوبا,1
14,يتاخر,1
14,بن,8
14,وكان,2
14,فاشتري,1
14,عنهم,1
14,او,5
14,رداه,5
14,في,11
14,بفضل,2
14,الكسوه,1
14,اهل,2
14,بالناس,1
14,فاجتمعوا,1
14,السعيد,1
14,بين,3
14,الوجه,1
14,وفي,2
14,الفرنج,1
14,ابن,4
14,تاج,1
14,الميد,1
14,قال,3
14,اموالكم,1
14,هشام,1
14,فنزلت,1
14,وشعير,1
14,كان,2
14,عالم,1
14,الملقب,1
14,اعمال,1
14,مصر,1
14,واستثنا,1
14,باليا,1
14,يمتنعوا,1
14,ونصف,2
14,قتله,1
14,له,2
14,ابيع,1
14,للاستسقا,1
14,العاده,1
14,الطاعون,1
14,واحتاجت,1
14,الحرب,1
14,المحمل,1
14,فاكل,1
14,نظام,1
14,نحو,2
14,فنعوذ,1
14,امثالهم,1
14,يقال,2
14,القديم,1
14,الله,2
14,الجوع,1
14,وصل,1
14,الاربعماه,1
14,لعلهم,2
14,وهم,2
14,والدي,1
14,يستولي,1
14,بعشرين,1
14,ان,5
14,الادميين,1
14,وفيها,1
14,من,7
14,وسعد,1
14,وابو,1
14,سار,4
14,الف,1
14,فيه,2
14,يا,1
14,الامام,1
14,بمكه,1
14,تاكل,1
14,اعداه,1
14,شاهدت,1
14,ثمانيه,1
14,وبطل,1
14,ومزقوا,1
14,فكيف,3
14,مكه,1
14,رزقها,1
14,هو,3
14,فيها,1
14,سبعين,1
14,والرطل,1
14,وكانت,1
14,وصولهم,1
14,بتسعه,2
14,فنزل,1
14,العام,1
14,السنه,1
14,وبا,1
14,كل,1
14,بدر,1
14,اولك,1
14,ابي,1
14,المرج,1
14,بطلعته,1
14,وكبسه,1
14,هي,1
14,كثير,1
14,والتليس,1
14,وربع,1
14,الناس,2
14,القمح,1
14,للحج,1
14,سنه,2
14,بلاد,1
14,ذنوبهم,1
14,تعالي,1
14,اللهم,1
14,يسقوا,1
14,استسق,1
14,محمد,1
14,امراه,2
14,اكل,2
14,ممزق,1
14,السلطان,1
14,ام,1
14,الطعام,1
14,فاجتمع,1
14,سيف,1
14,فنا,1
14,هذه,1
14,لا,1
14,ومن,1
14,التمر,1
14,طرف,1
14,هذا,1
14,ابدا,1
14,البلاد,1
14,ورحل,1
14,للخوف,1
14,معدلا,1
14,صلي,1
14,كما,1
14,ابا,1
14,الجرجراي,1
14,عشر,1
14,الشعير,1
14,ذي,1
14,الاول,1
14,بالرغفان,1
14,ريح,1
14,دنانير,1
14,العجب,1
14,المثرات,1
14,هل,1
14,برنابا,1
14,يسكن,1
14,منها,1
14,وعلم,1
14,وكثر,1
14,وحلف,1
14,فضجر,1
14,والكلاب,1
14,الموت,1
14,احد,1
14,يخرج,1
14,شده,1
14,النخاله,1
14,المعسكر,1
14,به,3
14,قاضي,1
14,بعشره,1
14,بدرهم,1
14,ماه,1
14,وثلاثه,1
14,يمتارون,1
14,الحريري,1
14,واجعلها,2
14,ضرع,1
14,والخزي,1
14,فقال,1
14,اما,1
14,بلوناهم,1
14,القيامه,1
14,فصلي,1
14,فاغارت,1
14,والخمور,1
14,واحد,1
14,شيطان,1
14,العراق,1
14,باعت,1
14,كانوا,1
14,دخلت,1
14,ابو,1
14,اولاك,1
14,ثم,2
14,الخفاجي,1
14,نزلت,1
14,الاعراب,1
14,العثماني,1
14,تزوج,1
14,الحسن,1
14,منيع,1
14,الملك,1
14,العلما,1
14,عمره,1
14,التي,1
14,المرتضي,2
14,فنادي,2
14,يمر,5
14,تبت,1
14,العجم,1
14,بالاملاك,1
14,بالتحكم,1
14,فضه,1
14,جاهم,1
14,بالبليات,1
14,وقيل,1
14,اي,1
14,والوبر,1
14,الصباح,1
14,يركبه,1
14,ايسون,1
14,مزجاه,1
14,لاهل,1
14,وطاتك,1
14,افضالك,1
14,سنين,1
15,وهو,1
15,من,9
15,يستسقي,2
15,ركعتين,1
15,بلغ,1
15,امن,1
15,لا,2
15,قوما,1
15,الاعراف,2
15,بره,1
15,فسار,1
15,يصلي,1
15,وكثر,1
15,لياكله,1
15,فلما,1
15,فسهل,1
15,عند,1
15,الخبز,2
15,قيمتها,1
15,اهل,3
15,حوادث,1
15,بالموصلي,1
15,هذا,1
15,بعضا,1
15,ان,1
15,يبلغ,1
15,الري,1
15,الطرق,1
15,فيموت,1
15,هذه,1
15,مروان,1
15,جارا,1
15,به,1
15,وفيها,2
15,رسول,5
15,فجعل,5
15,لهما,1
15,مرض,1
15,وتاييد,2
15,عبد,2
15,في,7
15,المدينه,1
15,الي,5
15,بالميدان,1
15,ناب,1
15,القبلي,1
15,شعبان,1
15,سبته,1
15,عمه,1
15,الدين,2
15,اعيد,1
15,الثاني,1
15,الله,5
15,ابن,1
15,بالزكاه,1
15,المخزومي,1
15,خرج,1
15,قرا,1
15,وغيرهما,1
15,ربهم,1
15,لرجل,1
15,بالمنصور,1
15,الاردن,1
15,مع,1
15,اي,2
15,والنون,1
15,عن,1
15,قتال,1
15,وحرقوه,1
15,ثوبا,1
15,الحمل,1
15,وفيه,1
15,صفر,1
15,باقليم,1
15,تنحط,1
15,الفلاحين,1
15,بنواحي,1
15,ترك,1
15,الشامي,1
15,بعض,1
15,الملك,4
15,العشره,1
15,بالله,1
15,ونساله,1
15,قولا,1
15,اربعه,1
15,بن,1
15,كان,1
15,ذلك,4
15,الرجعه,2
15,اورد,1
15,يتضرعون,2
15,قوم,2
15,العلم,1
15,باب,2
15,بريه,1
15,علي,7
15,الف,2
15,امراه,2
15,توفي,1
15,الجوع,2
15,العزيز,1
15,الخير,1
15,جعفر,1
15,الحيوانات,3
15,وخمس,1
15,اثنا,1
15,الحث,1
15,رب,1
15,الزركشي,1
15,وبغداد,1
15,بيوتهن,1
15,لحومهم,1
15,عشر,3
15,كل,2
15,العجيف,3
15,وكان,2
15,رغدا,1
15,فيمن,1
15,القتل,2
15,سبعين,1
15,مدينه,1
15,سنه,1
15,لكم,1
15,قل,1
15,ومنه,1
15,تطلق,1
15,طعام,1
15,وموت,1
15,شي,1
15,ومن,1
15,الذين,1
15,صالح,1
15,بعدما,1
15,ولم,2
15,دور,1
15,عادتهم,1
15,القمح,1
15,بدرهم,1
15,الجيف,1
15,بثلاثه,1
15,فقدمها,1
15,ثمان,1
15,افريقيه,1
15,حرف,1
15,فالنفوس,1
15,سلط,1
15,اشدد,1
15,ثم,2
15,لنا,1
15,صلي,1
15,اكلت,2
15,الادميين,2
15,قال,1
15,ثلاثه,1
15,ولد,1
15,عليهم,3
15,عظيم,1
15,السنه,1
15,له,1
15,عيسي,1
15,البلاد,1
15,واكلها,1
15,يستطيع,1
15,فعدم,1
15,رداه,1
15,وحده,1
15,جمادي,1
15,عنها,1
15,واستدعي,1
15,حديث,1
15,حنطه,1
15,بينوه,1
15,الحسن,1
15,والشيخ,1
15,فروج,1
15,الشام,1
15,محبس,1
15,ذراعا,1
15,دهلي,1
15,ماه,1
15,النون,1
15,ووجدت,1
15,عظيمه,1
15,ست,1
15,والهر,1
15,العجاب,1
15,عندك,1
15,وشمعون,1
15,طرفي,2
15,ما,1
15,البلدان,1
15,الموتان,1
15,عمر,1
15,الناس,1
15,وفي,2
15,حتي,1
15,منها,1
15,الغلا,1
15,والحشيش,1
15,الاكابر,1
15,فبيع,1
15,القضاه,1
15,الاف,1
15,لقد,1
15,وخمسين,1
15,اولها,1
15,ارطال,1
15,حدثنا,1
15,عباس,1
15,الرجل,1
15,وان,1
15,السنون,1
15,كما,1
15,تخلفوا,1
15,روي,1
15,بهم,1
15,الصرع,1
15,احمد,1
15,الابنوسي,1
15,والفاحشه,1
15,صيره,1
15,عروضها,1
15,يجلبون,1
15,يوما,1
15,المظفر,1
15,نعمته,1
15,تناقص,1
15,فلم,1
15,سار,1
15,التتار,1
15,الخفاجي,1
15,المنصور,1
15,بسبب,1
15,شيخ,1
15,القاد,1
15,بحر,1
15,يعتادونها,1
15,وساله,1
15,السال,2
15,بما,5
15,وتبت,1
15,فاذا,1
15,ليقرا,1
15,وقد,1
15,ناصريه,1
15,جريج,1
15,بالبلا,1
15,يضجون,1
15,فيبلونه,1
15,كي,1
15,سفيان,1
15,قيل,1
15,وقيل,1
15,اهلها,1
15,وكريم,1
15,كسني,1
16,يومذ,1
16,الاسكندريه,1
16,بهم,1
16,وخالف,1
16,ماه,2
16,لا,4
16,تجاروا,1
16,بناحيه,1
16,ولقد,1
16,فاذا,1
16,وبلغ,1
16,ابو,2
16,عليهم,1
16,الوبا,1
16,واكل,1
16,نزل,1
16,الامر,1
16,قبر,1
16,ويموت,1
16,الف,2
16,البلاد,1
16,في,4
16,بعشرين,2
16,وكان,3
16,ثم,1
16,كانوا,1
16,الشده,1
16,فلما,1
16,وحماها,1
16,منهم,2
16,الدفعه,1
16,ببطنان,1
16,مذموما,1
16,رغيفا,3
16,وصل,2
16,الشيطان,3
16,اليمين,5
16,انجح,1
16,موت,1
16,يقول,2
16,الحميد,1
16,رجب,1
16,منازلهم,1
16,الجامع,1
16,ففرقهم,1
16,حصار,1
16,حلب,1
16,وفي,1
16,وقع,1
16,من,10
16,مدلج,1
16,ولد,1
16,وحصل,1
16,تعالي,2
16,الخطيب,1
16,وقال,1
16,فرعون,1
16,الثالثه,1
16,عاصم,1
16,الوسيله,1
16,البشر,1
16,يتولي,1
16,بالغور,1
16,رعد,1
16,تاره,1
16,وكسر,1
16,البيع,1
16,ناب,1
16,بالنار,1
16,صرف,1
16,بمايتي,1
16,خرج,2
16,وصول,1
16,البحيره,1
16,الاسعار,1
16,الي,4
16,الكريم,1
16,المدينه,1
16,فلم,2
16,وصنع,1
16,الناس,3
16,برسباي,1
16,الاف,1
16,الاعانه,1
16,لم,1
16,اذرع,1
16,سليمان,1
16,الا,6
16,خمسماه,1
16,علي,8
16,بستين,1
16,فيه,1
16,يتذللون,2
16,واستاذنه,1
16,المخزن,1
16,قال,1
16,اخر,1
16,سار,1
16,درهم,2
16,اكلت,1
16,حصر,1
16,قاضي,1
16,وجري,2
16,نزار,1
16,البيت,2
16,بن,4
16,احمد,3
16,وفرق,3
16,ذلك,2
16,الساعه,1
16,بالحاله,1
16,حتي,2
16,معتمدات,1
16,وبيع,1
16,الوقيعه,1
16,بنهر,1
16,التدبير,1
16,ممزق,1
16,وخرج,3
16,ينحر,1
16,شرب,1
16,يوم,2
16,مدينه,1
16,بدرهمين,1
16,شديده,1
16,محله,1
16,درهما,2
16,فيها,1
16,للمشركين,1
16,قوله,1
16,ولا,1
16,فمطروا,1
16,كثير,1
16,فبيع,1
16,وراهم,1
16,يدعون,1
16,عن,1
16,اقاموا,1
16,ينفق,1
16,وقبض,1
16,بثلاثه,2
16,ونزل,2
16,والميتات,1
16,دنانير,1
16,وستين,2
16,وفتح,1
16,الميم,1
16,تتخشع,1
16,القحط,1
16,وطاتك,1
16,فرفع,1
16,الله,1
16,شيطان,1
16,الموتي,2
16,ايام,1
16,فجاه,1
16,يحج,1
16,الخوف,1
16,غازي,1
16,والي,1
16,والبيض,1
16,الضروان,1
16,ودام,1
16,واخر,2
16,النهوض,1
16,ويقول,1
16,انه,1
16,بالكليه,1
16,فجعل,1
16,وعجاف,1
16,اهلها,1
16,الاخره,1
16,اهل,1
16,الصلح,1
16,عليه,2
16,العميد,1
16,وعز,1
16,وبدت,1
16,فمنع,1
16,اذار,1
16,نفقه,1
16,واربعين,1
16,فاوقع,1
16,صاحوا,1
16,الصغار,1
16,بفم,1
16,وتعدوا,1
16,شخصيه,1
16,ولوقش,1
16,اشترا,1
16,رداه,2
16,عزره,1
16,نحتاج,1
16,يرجع,1
16,فاغتنم,1
16,وضاقت,1
16,سنه,1
16,كان,1
16,الخبز,2
16,وكثر,1
16,الاسواق,1
16,الزينبي,1
16,رايتني,1
16,خبز,1
16,مصر,1
16,فارس,1
16,الذنوب,1
16,وابن,1
16,سنين,2
16,ضراعه,1
16,ذهبوا,1
16,خير,1
16,عز,1
16,فلاهل,1
16,بلونا,1
16,وقعوا,1
16,عكرمه,1
16,ركعتين,1
16,وفيها,1
16,اعمال,1
16,داره,1
16,وخمس,1
16,كرين,1
16,صفر,1
16,وقيمته,1
16,اليهم,1
16,ابن,1
16,الشكر,1
16,شيا,1
16,يشعر,1
16,الاقليم,1
16,حمص,1
16,طبريه,1
16,نور,1
16,الكامل,1
16,الاسلام,1
16,المحله,1
16,ان,1
16,لهم,1
16,يا,2
16,ملكتكم,1
16,يضرب,1
16,نهي,1
16,كانت,1
16,بيوتهم,1
16,سو,1
16,انفسهم,1
16,راجع,1
16,والجلا,1
16,ويستغيثون,1
16,بالدم,1
16,ننصرف,1
16,اليقظان,1
16,كل,1
16,رديه,1
16,عام,1
16,مضر,1
16,مطمنه,1
16,نعمتك,1
16,يوسف,1
17,بدمشق,2
17,الي,6
17,فلم,1
17,بين,1
17,وستين,1
17,يغار,1
17,اليوم,1
17,اليمن,1
17,اخذنا,1
17,جاتهم,1
17,الكر,1
17,طلحه,1
17,ورخص,1
17,والموت,1
17,الناس,5
17,الروم,1
17,وخرج,1
17,احمد,1
17,ثم,5
17,دينار,2
17,حتي,4
17,هذه,3
17,دينارا,1
17,المسلمون,1
17,لحقهم,1
17,كثيرا,1
17,التي,2
17,وصلوا,1
17,وكتب,1
17,في,6
17,وهو,1
17,فقال,1
17,دلف,1
17,صيره,4
17,علي,9
17,الله,1
17,الميد,1
17,بن,9
17,ويلوثون,1
17,الازهر,1
17,فاس,1
17,وكزل,1
17,ربيع,1
17,الوبا,1
17,ايدي,1
17,ابن,4
17,له,2
17,زرعه,1
17,قل,2
17,وهذا,1
17,تعالي,1
17,فاوحي,1
17,وحمزه,1
17,الشام,1
17,ايهم,1
17,اذا,1
17,العزيز,1
17,خلافه,1
17,بينها,4
17,وبرد,1
17,يكون,1
17,السين,1
17,اصلا,1
17,حلب,4
17,وكان,3
17,عليه,3
17,الجلال,1
17,قاصد,1
17,وبعض,1
17,الا,1
17,الابقار,1
17,النصيح,1
17,المنوره,1
17,يعجب,1
17,الادميين,1
17,لتفرقه,1
17,خارجا,1
17,امثالها,1
17,اعلم,1
17,وعشره,1
17,المعري,1
17,الانسان,1
17,ما,3
17,حسب,1
17,والعسل,1
17,حديث,1
17,ويتخشعون,2
17,اهل,2
17,ان,1
17,ذي,1
17,الاقاليم,1
17,فيكون,1
17,رغيفا,1
17,الافضل,1
17,عدن,1
17,كانوا,2
17,محمد,1
17,جنازه,1
17,سار,1
17,الفرار,1
17,الساعه,1
17,الاجتماعيه,1
17,كان,2
17,بعضهن,1
17,العقار,1
17,عنده,1
17,معلي,1
17,درهم,1
17,ومضي,1
17,اعظم,1
17,الجزور,1
17,كل,3
17,ابو,1
17,بدر,2
17,من,2
17,مدان,1
17,والرطل,1
17,وسمت,1
17,بني,1
17,والبيض,1
17,معاش,1
17,ادعوا,1
17,صلي,1
17,نقص,1
17,يتصدق,1
17,وارتفع,1
17,وقال,1
17,الرطل,1
17,برزخ,1
17,يبتغون,1
17,به,1
17,القدر,1
17,فتحارسوا,1
17,بالجوع,1
17,دنانير,2
17,بالناس,1
17,ووقفوا,1
17,واللحم,1
17,طعام,2
17,وماتين,1
17,مدينه,1
17,فاقام,1
17,عند,1
17,سبع,2
17,الثانيه,1
17,راسه,1
17,بالف,2
17,قال,5
17,الرجل,1
17,الخليفه,1
17,احد,1
17,والجوع,1
17,بنت,1
17,حكي,1
17,اثنا,1
17,دون,1
17,الجراح,1
17,بقر,1
17,لدفعه,1
17,والاسمان,1
17,اليمين,1
17,يوصل,1
17,وماتوا,1
17,قبض,1
17,الف,2
17,وسلم,1
17,الصدقات,1
17,محسن,1
17,الما,1
17,غلمانه,1
17,الكناس,1
17,والحنطه,1
17,سته,1
17,مركبا,1
17,بهم,2
17,مشويه,1
17,الصلح,1
17,الملف,1
17,وما,1
17,الطعام,1
17,فجعل,2
17,بنيسابور,1
17,نحن,1
17,بيروت,1
17,رجار,1
17,يذوق,1
17,خمس,1
17,يدفن,1
17,واكل,1
17,المدينه,1
17,الموت,1
17,رطل,1
17,وفي,1
17,وتقلد,1
17,بالهند,1
17,والشعير,1
17,بالمصري,1
17,سني,1
17,ومنه,1
17,جريج,1
17,كسني,2
17,فهو,1
17,وهم,1
17,ومع,1
17,وجل,1
17,البوادي,1
17,اصحاب,1
17,عن,1
17,وخالف,1
17,تملك,1
17,وفيها,1
17,حسنون,1
17,ماه,1
17,غلب,1
17,الغلات,1
17,داري,1
17,الجوزي,1
17,لانك,1
17,واما,1
17,البساسيري,1
17,البيره,1
17,فخرج,1
17,خوفا,1
17,الدين,1
17,سلمان,1
17,يشعر,2
17,ببعرين,1
17,الملفات,1
17,ملتهم,1
17,ياذن,1
17,امه,2
17,غار,5
17,الصين,1
17,الترك,1
17,النجوم,1
17,المثل,1
17,رسول,1
17,نياتهم,1
17,فكذبوه,1
17,واموالهم,1
17,تفسير,1
17,ومنع,1
17,واصل,1
17,عنكم,1
17,يركبه,1
17,خير,1
17,لا,1
17,اللهم,1
17,قاره,1
17,وخافين,1
17,وهذه,1
18,عرض,1
18,الابواب,1
18,يسقوا,1
18,طرفي,1
18,والشعير,1
18,علي,7
18,انكم,1
18,وكان,3
18,ال,1
18,الحسنه,1
18,الحنطه,1
18,الي,10
18,العقار,1
18,جدا,1
18,خروب,1
18,زاد,1
18,الناس,3
18,تبعه,1
18,بثلاثماه,1
18,اكل,1
18,السنه,2
18,صوريه,1
18,يحملون,1
18,عليه,2
18,ولقد,1
18,بالمدينه,1
18,اليها,1
18,اليوم,1
18,ان,4
18,قريب,1
18,ملك,1
18,لهم,1
18,بن,2
18,كرين,4
18,اليسار,5
18,قصده,1
18,وحصل,1
18,اخرها,2
18,مسعود,1
18,تليها,1
18,الطرقات,1
18,فدعا,1
18,الاغنيا,1
18,وقد,1
18,فانهزم,1
18,الاخر,1
18,في,7
18,المسلمين,1
18,ذي,1
18,ابن,6
18,للمشركين,2
18,القول,1
18,الامه,1
18,الله,5
18,ويعقوب,1
18,اقرب,1
18,جذه,1
18,بالله,1
18,المغرب,1
18,وبين,4
18,عظيم,1
18,استثنا,1
18,غفار,1
18,فلا,1
18,وابن,1
18,ذلك,4
18,خمسه,1
18,وعشرين,1
18,البلقيني,1
18,بلاد,1
18,يسيرا,1
18,لاجل,1
18,العمري,1
18,وفيها,3
18,ثوبا,1
18,وكثر,1
18,عمن,1
18,ما,1
18,صحته,1
18,اصابع,1
18,الشاعر,1
18,الفقير,1
18,كان,1
18,عاده,1
18,كل,2
18,عمرو,1
18,لربهم,2
18,الصلاه,2
18,يقرا,1
18,يخرج,1
18,حج,1
18,القعده,1
18,حتي,2
18,ثمن,1
18,بالف,1
18,والظاهر,2
18,القاضي,1
18,لا,2
18,المعز,1
18,يموتون,2
18,الانصاري,1
18,عبد,2
18,وكانوا,1
18,من,6
18,فما,1
18,يرمي,1
18,بالرغفان,1
18,فيه,1
18,ومعها,1
18,والي,1
18,حذر,3
18,ويصنع,1
18,مكان,1
18,جندل,1
18,وقيل,2
18,مدان,1
18,الروم,1
18,يعقوب,1
18,فقالوا,1
18,الذين,1
18,الحبوب,1
18,بالدراهم,1
18,عنهم,1
18,الموفق,1
18,الشيرج,1
18,هو,1
18,عباس,1
18,اربعه,1
18,له,2
18,جماعه,1
18,وبلغت,1
18,واللحم,1
18,مسغبه,1
18,اربع,1
18,ووجه,1
18,محمد,1
18,قفصه,1
18,بها,1
18,نزول,1
18,سنين,1
18,مضر,1
18,فلم,1
18,وسلم,1
18,دينار,3
18,يذبح,1
18,احضرت,1
18,فعزاه,1
18,والنقص,1
18,صاحب,1
18,الشيخ,1
18,سنه,2
18,ثلاثه,1
18,صنعا,1
18,الوزير,2
18,بطن,1
18,مما,1
18,تلاشت,1
18,العجف,1
18,اليك,1
18,جوعا,1
18,ابو,1
18,ولما,1
18,قد,1
18,درهم,1
18,فيهم,1
18,الحاكم,2
18,لقله,1
18,تتنكر,1
18,وجعل,1
18,اشهر,1
18,فدارت,1
18,اذ,1
18,يوم,2
18,مع,1
18,حرقت,1
18,الفرق,1
18,وحكي,1
18,حفر,1
18,وتكوينه,1
18,قالت,1
18,ناين,1
18,فاغتبط,1
18,اليمين,2
18,سمع,1
18,اليه,1
18,العواد,1
18,الفرصه,1
18,السمن,1
18,الحيله,1
18,وتسعين,1
18,وغيرها,1
18,بنصف,1
18,عنقه,1
18,القضا,1
18,ولم,1
18,وان,1
18,بماتي,1
18,الديار,1
18,بدرهم,1
18,يوسف,3
18,عمر,1
18,قيل,1
18,وسبب,1
18,ضارع,1
18,قل,1
18,واما,1
18,الجنه,1
18,بين,1
18,سيف,1
18,توفي,1
18,وبدعوا,1
18,البغدادي,1
18,ابي,2
18,جنازه,1
18,واخبرت,1
18,منس,1
18,لان,1
18,فرايت,1
18,فحكي,1
18,للاسلام,1
18,مصر,1
18,ودبيس,1
18,ابيع,1
18,لحربهم,1
18,بالخاتون,1
18,الحلي,1
18,غازي,1
18,البساسيري,1
18,فقصده,1
18,ليشاركوا,1
18,تيميه,1
18,يحيي,1
18,حراريق,1
18,وذبحوا,1
18,فقال,1
18,وبذشجان,1
18,فعليكم,1
18,فاستاذن,1
18,بذلك,1
18,حال,1
18,يتسوس,1
18,وخبث,1
18,فاخذهم,1
18,لكي,1
18,الماوردي,1
18,القطر,1
18,الجار,1
18,يشوونه,1
18,بهم,1
18,وفيكم,1
18,ومع,1
18,تخذ,1
18,اجعلها,1
18,باهلها,1
18,ثمره,1
19,الحصن,1
19,السلطانيه,1
19,حتي,2
19,رداه,1
19,بثمانين,1
19,اهلها,1
19,منا,1
19,لهم,2
19,ولقد,1
19,فاذا,1
19,ببغداد,2
19,مرو,1
19,وفيها,3
19,الشوك,1
19,شده,1
19,من,8
19,غايه,1
19,وبا,2
19,دينار,2
19,بعضهم,1
19,فلي,1
19,عتق,1
19,اليهم,1
19,دخلت,1
19,انضم,1
19,العزيز,1
19,نحو,1
19,ينصلح,1
19,بعده,1
19,اتشكون,1
19,عبد,2
19,فكان,4
19,واليسار,4
19,محمد,2
19,له,2
19,وانت,2
19,الكمال,1
19,ثم,2
19,فانزل,1
19,برفع,1
19,ما,2
19,انتهبت,1
19,كزل,1
19,نزل,1
19,البقر,1
19,بعد,1
19,بن,5
19,القعده,1
19,اوال,1
19,القاضي,1
19,دعوا,1
19,اصح,1
19,للمتقين,1
19,و,1
19,اليه,1
19,قل,1
19,اذا,1
19,ويرجون,1
19,ترك,1
19,يقبض,1
19,حوادث,1
19,بيت,1
19,الصفحه,1
19,والا,1
19,غفر,1
19,يجبروا,1
19,دلغادر,1
19,في,7
19,وثلاثين,1
19,دينارا,1
19,ماشيا,1
19,قرمان,1
19,الغربيه,1
19,وتعود,1
19,الحرث,1
19,وشعيب,1
19,كانت,3
19,نسا,1
19,صرف,1
19,الخوف,1
19,وهو,3
19,لا,3
19,خطب,1
19,بقي,1
19,مبلغ,1
19,صاحب,2
19,لله,1
19,ستماه,1
19,الحاج,1
19,وقيه,1
19,ويتوبون,2
19,عليه,3
19,الشعير,1
19,بالناس,1
19,وفي,1
19,بيع,1
19,الرطل,1
19,ابنا,1
19,عفيف,1
19,يعبر,2
19,معد,1
19,ووجيه,1
19,الرحمن,1
19,اولادها,3
19,يحفرون,1
19,الفتن,1
19,خرج,1
19,الانسان,1
19,جماعه,1
19,البعض,1
19,ووجدت,1
19,وتسفيه,1
19,فخذ,1
19,عشرين,1
19,جهير,1
19,سنه,1
19,الموت,3
19,الثريد,1
19,فكفرت,1
19,العذاب,3
19,الروم,1
19,ويغنم,1
19,اللحم,1
19,تلك,1
19,وجدوا,1
19,ثلاثه,1
19,كيف,1
19,زعمتم,1
19,صرح,1
19,فان,1
19,القحط,1
19,بقيراطين,1
19,ادعوا,2
19,ربهم,1
19,اشهر,1
19,ردي,1
19,الليل,1
19,منهم,1
19,عده,1
19,اربع,1
19,شديده,1
19,الطرقات,1
19,اواق,1
19,ابو,4
19,ينتظر,1
19,الشداد,1
19,علي,5
19,واجعلها,1
19,يسقوا,1
19,السما,1
19,باعت,1
19,كثير,1
19,ولده,1
19,التقاوي,1
19,فيها,1
19,اهل,2
19,ماردين,1
19,خمس,1
19,بدرهم,1
19,بفرسخين,1
19,وله,1
19,انقضي,1
19,صبي,1
19,به,1
19,ست,1
19,اليسار,1
19,يقال,1
19,وابتيعت,1
19,العباس,1
19,قرب,1
19,قراجا,1
19,وصل,1
19,قال,2
19,فاجدبوا,1
19,ان,3
19,بامر,1
19,بدوس,1
19,الظهر,1
19,التظاهر,1
19,نيسان,1
19,بينهم,1
19,كانوا,1
19,الجمعه,1
19,المساكين,2
19,الدجله,1
19,العظيم,1
19,القبور,1
19,اذ,1
19,والله,1
19,وشال,1
19,الاستاذ,1
19,فانتبه,1
19,يد,2
19,المتقرره,1
19,ونقض,1
19,واللبن,1
19,ففتح,1
19,توفي,2
19,قبر,1
19,الرطبه,1
19,ثلاثماه,1
19,دفن,1
19,الجبار,1
19,دانق,1
19,اخرج,1
19,الحب,1
19,وخمسين,1
19,المصريه,1
19,نقره,1
19,حدثنا,1
19,للسطل,1
19,نزول,1
19,الحديث,2
19,اي,1
19,حاله,1
19,لم,1
19,نقص,1
19,الناس,1
19,عباس,1
19,طرفي,1
19,الدوله,1
19,فاستبعد,1
19,وسبوا,1
19,الصدوق,1
19,وكانوا,1
19,بثلاثماه,1
19,الغراره,1
19,الجواري,1
19,يا,1
19,فوصلت,1
19,الكلب,1
19,ثلاثين,1
19,منجور,1
19,الي,2
19,ابنه,1
19,وقلد,1
19,ودبيس,1
19,الفرنج,1
19,رحمه,1
19,وافقر,1
19,ونجا,1
19,انواع,1
19,الجوع,2
19,يوم,5
19,وصاغان,1
19,باطراف,1
19,فاذن,1
19,الغلا,1
19,صلي,1
19,وينتن,1
19,سرارهم,1
19,يتضرعوا,1
19,ج,1
19,وذهاب,1
19,رفع,1
19,وياكلونه,1
19,عين,1
19,وكان,1
19,ثعلبه,1
19,ذلك,1
19,الا,1
19,سنين,1
19,عذابك,1
19,تخذ,1
20,عليه,2
20,فوجدت,1
20,خرج,1
20,جعل,1
20,درهما,2
20,مطمنه,1
20,لا,2
20,اب,1
20,اخذنا,1
20,جاتهم,1
20,عشرين,1
20,وولي,1
20,والاثاث,1
20,في,6
20,فاكثروا,1
20,وكثر,1
20,العراق,2
20,عظيم,1
20,واشترت,1
20,بعضا,1
20,ربيع,1
20,وكان,1
20,الطعام,1
20,وموت,1
20,يوما,1
20,كان,1
20,اليهم,1
20,بالله,1
20,ثلاثماه,1
20,حال,1
20,قنسرين,1
20,ابنه,1
20,الجوع,1
20,العزيز,1
20,له,5
20,علي,5
20,بن,6
20,فغفار,2
20,اضيفت,1
20,الله,5
20,الغلا,1
20,بين,3
20,الاعمال,1
20,وجرح,1
20,بعض,1
20,حتي,3
20,ان,2
20,نعير,1
20,سنه,2
20,دوله,1
20,شرف,1
20,لذين,1
20,لان,1
20,عند,1
20,عليك,1
20,اني,1
20,ادعوا,1
20,قدم,1
20,رحمته,1
20,ما,1
20,المقدس,1
20,الموضوع,1
20,فهي,1
20,وقيل,1
20,وفيه,1
20,يوم,1
20,الف,1
20,بعد,2
20,الي,2
20,وفي,3
20,وظهر,1
20,بل,1
20,والي,1
20,الحرب,1
20,السلطان,1
20,منهم,1
20,مستشعر,1
20,يعرف,1
20,باسم,1
20,انه,1
20,سقمه,1
20,الزياده,1
20,كتاب,1
20,لبابه,1
20,هذا,2
20,ثم,2
20,وصبيحه,1
20,باربعه,1
20,شعيب,1
20,عن,2
20,لابيهم,2
20,شيا,1
20,من,11
20,ابراهيم,1
20,ذي,1
20,الكلب,1
20,ثلاثه,1
20,باعت,1
20,صلاح,1
20,الدين,1
20,عنه,2
20,العبيدي,1
20,ليله,2
20,الشحامي,1
20,البطروجي,1
20,فوقع,3
20,الحفار,1
20,يوسف,1
20,حيث,1
20,الناس,1
20,الذي,1
20,يصحن,1
20,امراه,1
20,رايه,1
20,كلب,1
20,الفا,2
20,اثنتين,1
20,ويلته,1
20,بانعم,1
20,اجدبت,1
20,الادني,2
20,ويغنم,1
20,روميه,1
20,باثني,1
20,السنه,1
20,بها,1
20,بدرهم,2
20,نمنعها,1
20,انهم,1
20,وسلم,1
20,بالثمار,1
20,تصدق,1
20,والوبا,1
20,اللطيف,1
20,الذين,2
20,الوسيله,1
20,قوله,1
20,واستقر,1
20,سلعته,1
20,واخذت,1
20,اواق,1
20,يخطفون,1
20,بكر,1
20,احمد,1
20,دخل,1
20,ايام,1
20,فلولا,1
20,اهل,1
20,سنين,1
20,وقال,2
20,يزال,1
20,اليمين,1
20,عروضها,1
20,وتساعده,1
20,المخلد,1
20,وفيها,1
20,الاموال,1
20,حسام,1
20,شامه,1
20,وعشرين,1
20,وافنيت,1
20,وكانوا,2
20,تسعون,1
20,اكثر,1
20,واخذ,1
20,وستين,1
20,قيل,1
20,واليسار,1
20,الهزال,1
20,خلصت,1
20,الاطيان,1
20,الديلمي,1
20,تاج,1
20,مع,2
20,ولم,1
20,سبعا,1
20,فعم,1
20,الديوان,1
20,بالغنا,1
20,المخزن,1
20,حرب,1
20,قد,2
20,وجا,1
20,واشتري,1
20,ببغداد,1
20,المراه,1
20,واكل,1
20,يا,1
20,فهلا,1
20,يستعد,1
20,اليسار,2
20,ابا,1
20,شقيق,1
20,صاحبها,1
20,الصلح,1
20,العامه,1
20,المستعلي,1
20,واحد,1
20,والحشيش,1
20,جنازه,1
20,البلدان,1
20,جماعه,2
20,وعاد,1
20,صبي,1
20,الحسن,1
20,الغله,1
20,رسول,1
20,ورطل,1
20,السلام,1
20,صالح,1
20,قدس,1
20,الايه,1
20,كما,2
20,ذليل,1
20,النفاق,1
20,يتوجهوا,1
20,الثمرات,1
20,بستان,1
20,باللعن,1
20,رضي,1
20,رداه,1
20,ذلك,1
20,جعفر,1
20,عشره,1
20,العبد,1
20,عبد,1
20,بدمشق,1
20,يحفرون,1
20,الجسور,1
20,الموصل,1
20,دينار,1
20,بلغت,1
20,يقطعن,1
20,رجلا,1
20,سيفه,1
20,الاخبار,1
20,مزيد,1
20,بخمسه,1
20,التركي,1
20,دمشق,1
20,الاتابك,1
20,قضا,1
20,قلاع,1
20,حل,1
20,الحيوان,1
20,اذا,1
20,فقالت,2
20,القيامه,5
20,وكرمان,1
20,البلاد,1
20,فيقال,1
20,الشام,1
20,ويفسد,1
20,وهم,1
20,ويخضعوا,1
20,ص,1
20,الثمار,1
20,الصوت,1
20,فقال,1
20,فلا,1
20,تطرف,1
20,صحابي,1
20,لم,1
20,بوكس,1
20,الوجه,1
20,كسني,1
20,يحتاجون,1
20,ونقمتك,1
21,ايضا,2
21,حال,2
21,ثلاث,1
21,اليمين,5
21,كل,2
21,قاره,1
21,تنصرون,1
21,وله,1
21,ال,1
21,الحسنه,1
21,وماه,1
21,محمد,2
21,حتي,5
21,ريبع,1
21,منه,1
21,الوبا,1
21,الي,4
21,الزهد,1
21,بها,1
21,وقصد,1
21,الاخر,1
21,الشعير,1
21,من,6
21,كثير,1
21,الناس,1
21,النظاميه,1
21,بمصر,1
21,نفس,1
21,البلاد,1
21,وشتا,1
21,غيطشه,1
21,ورغيف,1
21,بن,4
21,في,10
21,اوال,1
21,الذنوب,2
21,همام,1
21,الحسبه,1
21,تعالي,1
21,وكانت,1
21,الامرا,1
21,والنواحي,1
21,وجماعه,1
21,المماليك,1
21,كاد,1
21,كانت,2
21,فانهزم,1
21,سبع,1
21,الاشرف,1
21,الدين,3
21,زعمتم,3
21,يوم,3
21,ربهم,1
21,به,1
21,لا,1
21,بكسر,1
21,ضرب,1
21,ويخافون,1
21,يتعداه,1
21,وزيره,1
21,ه,1
21,خمسه,2
21,ظهور,1
21,ايه,1
21,لها,1
21,عنه,2
21,خرج,2
21,خروج,1
21,درهم,1
21,ما,1
21,الصحرا,1
21,صفر,1
21,ودام,1
21,التقاوي,1
21,منصور,1
21,بنواحي,2
21,ولا,1
21,الشر,1
21,الملك,1
21,ولي,1
21,كما,1
21,سته,1
21,سقط,1
21,لله,1
21,القيد,1
21,ثم,3
21,عن,2
21,ذنوبهم,2
21,هذه,4
21,ذلك,1
21,القعده,1
21,بخمسه,1
21,دراهم,1
21,عروضا,1
21,عبد,1
21,وكان,3
21,صاحب,1
21,واحده,1
21,وزنكي,1
21,ودعوان,1
21,الصراخ,1
21,الكبار,1
21,البكا,2
21,يسعي,1
21,قبر,1
21,الجوع,1
21,علويه,1
21,بتعزيزه,1
21,ميت,1
21,بدينار,1
21,اخلاط,1
21,وستين,1
21,الديار,3
21,بالسمن,1
21,الله,3
21,الارض,1
21,هو,2
21,روميه,1
21,وكنيسه,1
21,عشر,1
21,سنه,3
21,جماعه,2
21,وافنيت,1
21,فاقبل,1
21,الهه,1
21,اللهم,1
21,فقال,1
21,بالدراهم,1
21,قال,1
21,دخلت,1
21,ان,3
21,الموت,1
21,يعني,1
21,عز,1
21,نسا,1
21,رجب,1
21,مات,1
21,بدرهم,1
21,ثالث,1
21,وعظم,1
21,وكيله,1
21,جزيره,1
21,الرخا,1
21,اذ,1
21,مكه,1
21,كسني,1
21,يا,1
21,قيمته,1
21,امه,1
21,ولد,1
21,والانفس,1
21,الحمر,1
21,حلفوا,1
21,كبده,1
21,شده,1
21,وماتين,1
21,علي,2
21,والضعف,1
21,اليه,1
21,بارخص,1
21,خليفه,1
21,الدوله,1
21,حمص,1
21,اتابك,1
21,اخرج,1
21,اكلوا,1
21,الجنس,1
21,فرسم,1
21,القاد,1
21,البلا,1
21,الفا,1
21,واحرق,1
21,ومن,1
21,موسم,1
21,بحساب,1
21,شديده,1
21,مرقوا,1
21,اناس,1
21,لمعز,1
21,ذكر,1
21,وزادت,1
21,الموتي,1
21,يخفي,1
21,نبي,1
21,الخمسه,1
21,واليسار,2
21,القاسم,1
21,وقال,1
21,اسامه,1
21,اهل,1
21,الذي,1
21,يحيا,1
21,الحاكه,1
21,بالله,1
21,وانتقل,1
21,فانصرف,1
21,ورحل,1
21,احمد,1
21,ابن,1
21,قد,1
21,الحبوب,1
21,والمكوك,1
21,يدعي,1
21,اللحم,2
21,فانقطع,1
21,لانه,1
21,دليل,1
21,بلونا,2
21,ضعيف,1
21,عرضوا,1
21,الينا,1
21,فلاهل,1
21,باليمن,1
21,والخزي,1
21,فجعل,1
21,حمدان,1
21,فقيل,1
21,القرطبي,1
21,الاف,1
21,الصالح,1
21,وحتي,1
21,خلق,1
21,الحفار,1
21,فتسلل,1
21,واشترت,1
21,عندهم,1
21,كان,2
21,ذخر,1
21,بالرخص,1
21,الا,1
21,دنانير,1
21,واكثرهم,1
21,اميرها,1
21,وخرج,1
21,معين,1
21,القضاه,1
21,مزيد,1
21,حصن,1
21,يقرا,1
21,صليت,1
21,المراه,2
21,ينادي,5
21,وبعض,1
21,وسواحل,1
21,فاجري,1
21,غلا,1
21,عليه,1
21,فيذهب,1
21,الزجاج,1
21,تفسير,1
21,ويتذللوا,1
21,حكاه,1
21,بالتضرع,1
21,له,1
21,يعطونهم,1
21,وقد,1
21,استتر,1
21,عنبري,1
21,يتوجهوا,1
21,وقيل,1
21,لان,1
21,يوسف,1
21,الانتقال,1
21,بالقحط,1
21,فعله,1
22,وهو,1
22,اهل,3
22,مرات,1
22,علي,6
22,اردب,1
22,باهلها,1
22,لا,1
22,جنه,1
22,فرعون,1
22,الخصب,1
22,دينار,1
22,بن,6
22,بيع,1
22,الاخر,1
22,وكانوا,1
22,ايضا,1
22,الموصل,1
22,والورع,1
22,عجز,1
22,حنطه,1
22,توفي,1
22,بالموصل,1
22,البلدان,1
22,افني,1
22,داري,1
22,في,4
22,وغيرهم,2
22,وتقرب,1
22,فعاد,1
22,ثم,5
22,بها,3
22,وكانت,1
22,بدرهم,1
22,ابي,1
22,كل,4
22,دوله,1
22,وساتر,2
22,الدين,2
22,اليهما,1
22,هذه,2
22,ساعه,1
22,والقضاه,1
22,من,12
22,اقليم,1
22,قرقماس,1
22,وتسعين,1
22,انحطاط,1
22,الانصاري,1
22,انها,2
22,بدر,1
22,جنات,1
22,اي,2
22,استجيب,1
22,اللام,1
22,الطبل,1
22,عذابه,1
22,المنجل,1
22,يعقوب,1
22,المنصور,1
22,فراسخ,1
22,كوكب,1
22,تنزيه,1
22,بالغين,1
22,انه,2
22,ناب,1
22,الناس,4
22,فضه,1
22,كان,3
22,ومعه,1
22,خرج,1
22,بالقاهره,1
22,الغلا,1
22,لاجل,1
22,المدينه,1
22,ب,1
22,وثلاثين,1
22,صار,1
22,فانه,1
22,صعاليك,1
22,الكامل,1
22,ذلك,1
22,يقال,2
22,عشر,1
22,الزند,1
22,لبابه,1
22,الذي,1
22,فنزح,1
22,الخميس,1
22,وصل,1
22,ابيه,1
22,فلولا,2
22,الجنه,2
22,علم,1
22,المنفس,1
22,محمد,2
22,دنانير,1
22,وثلث,1
22,لها,1
22,عمهما,1
22,الله,2
22,ببغداد,1
22,مصر,1
22,وحتي,1
22,المقر,1
22,والبكا,1
22,ويدفنون,1
22,المحرم,1
22,والصراخ,2
22,ليسلم,1
22,حتي,3
22,لان,1
22,واحد,1
22,الجوع,2
22,قد,2
22,بالعساكر,1
22,وعاد,2
22,واربع,1
22,وتفرق,2
22,والزيت,1
22,فاحملوا,1
22,فكانت,1
22,مصاب,2
22,وكنيسه,1
22,الذهب,1
22,والرطل,1
22,راعم,1
22,الحمر,1
22,بعضهم,1
22,اجعلها,1
22,ونقص,1
22,لم,1
22,ابن,2
22,سنه,2
22,والبعث,1
22,الذين,1
22,وجل,1
22,اذا,1
22,وامر,1
22,وعظم,1
22,عشريه,1
22,يمر,1
22,الموت,1
22,بعد,1
22,المطلب,1
22,الاندلس,1
22,وزوال,1
22,جاهم,1
22,يوسف,1
22,الثالثه,1
22,فاطر,1
22,ان,4
22,بسط,1
22,الف,2
22,السنه,1
22,وتفرقت,1
22,البلاد,1
22,لشرف,1
22,والثمرات,1
22,تمرتاش,1
22,الذيل,1
22,قدمت,1
22,والخيل,1
22,وفيها,1
22,خمس,1
22,وشواها,1
22,السمن,1
22,اليمين,2
22,وقوله,1
22,الاثمان,1
22,توزون,1
22,فرتب,1
22,بعض,1
22,الغله,1
22,فيها,1
22,ياخذه,1
22,لناب,1
22,معضاد,1
22,وسبعين,1
22,عده,1
22,ركوب,1
22,الصيف,1
22,رطل,1
22,عن,1
22,الدوله,1
22,دجله,1
22,امراه,1
22,وتمزق,1
22,بانطاكيه,1
22,القشيري,1
22,ومن,1
22,العمران,1
22,الخليفه,1
22,قوم,1
22,رايه,1
22,عنها,2
22,قبر,1
22,ابو,2
22,فسانجس,1
22,ذبحه,1
22,تسلمت,1
22,لتباع,1
22,القمح,1
22,جمال,1
22,بالمصري,1
22,الحب,1
22,يتوضا,1
22,اصحاب,2
22,احتج,1
22,انفسهم,1
22,ولم,1
22,انهم,1
22,الامصار,1
22,والذكر,1
22,تعالي,1
22,حلب,1
22,احمد,1
22,نسمه,1
22,روي,1
22,حكي,1
22,كثير,1
22,الكبار,1
22,مات,1
22,اليه,1
22,فرايت,1
22,له,2
22,ومنا,1
22,وذهاب,1
22,والعسكر,1
22,والهر,1
22,فقتلوه,1
22,وفي,1
22,امد,1
22,الا,1
22,الاكراد,1
22,المشكله,1
22,كتاب,1
22,المياسير,1
22,البقر,1
22,عليه,2
22,الغداه,1
22,اتصدق,2
22,باعلي,5
22,الشام,1
22,البحار,1
22,واله,1
22,تنفرج,1
22,اموالهم,1
22,معناه,1
22,التبيان,1
22,ويتوبوا,1
22,الشيخ,1
22,الضحاك,1
22,كما,1
22,منها,1
22,اعذر,1
22,عند,1
22,وكفلز,1
22,الينا,1
22,قليله,1
22,المعتبر,1
22,فقحطوا,1
22,وحبس,1
23,بدمشق,1
23,القاهره,1
23,ولم,2
23,اليسار,1
23,والخبز,1
23,لا,4
23,تمنعون,1
23,كان,2
23,قومه,1
23,والرخا,1
23,ودام,1
23,مهتدي,1
23,ما,4
23,وصل,1
23,يسلقون,1
23,فمات,1
23,والشام,2
23,وفيها,2
23,الناس,4
23,حملها,1
23,البوادي,1
23,العبادي,1
23,كل,4
23,منهم,1
23,فرايت,1
23,البلاد,1
23,فكثر,1
23,اليه,1
23,تفقور,1
23,يعود,1
23,ثم,4
23,ولايته,1
23,لقد,1
23,دلف,1
23,يوم,4
23,بسط,4
23,محمد,1
23,الاشرف,1
23,ال,1
23,بن,7
23,بل,1
23,الايه,1
23,عظيمه,1
23,والتجار,1
23,ربيع,1
23,اصحابه,1
23,الطباق,1
23,مصر,1
23,ايديهم,1
23,ودخل,1
23,ونشا,1
23,منزله,1
23,الهه,2
23,النعيم,1
23,باهلاكه,1
23,لك,2
23,في,6
23,ليعلم,1
23,ان,5
23,وما,1
23,يقتل,1
23,ويقال,1
23,عظيم,1
23,المعجمه,1
23,له,2
23,حلب,1
23,للاستسقا,1
23,ونودي,1
23,بستين,1
23,خلق,1
23,السلطان,1
23,بعض,2
23,الزراعه,1
23,راجح,1
23,المشرفه,1
23,زالوا,1
23,الف,1
23,الكثير,1
23,جعلها,1
23,ناصر,1
23,والقادر,1
23,عن,6
23,ذراعا,1
23,وسياتي,1
23,ويموت,1
23,ذكره,1
23,تاسع,1
23,اذ,2
23,دون,2
23,النجوم,1
23,وكان,1
23,سنه,2
23,والهر,1
23,وفي,1
23,قيمته,1
23,العادل,1
23,ايضا,1
23,حكي,1
23,اق,1
23,وعلي,1
23,والضجيج,3
23,فيها,1
23,للمسلم,1
23,اغاثهم,1
23,يكون,1
23,من,9
23,فاذا,1
23,سرقت,1
23,والاموال,1
23,اخضر,1
23,باقي,1
23,مه,1
23,فريق,1
23,ويهشمه,1
23,اليها,1
23,تسفي,1
23,الدنيا,2
23,الذهب,1
23,فيجد,1
23,وبلغ,2
23,اهل,2
23,والخيل,1
23,علي,4
23,دونه,2
23,عليهم,2
23,تجزه,1
23,البطريق,1
23,سبع,1
23,والبرزخ,1
23,يدعونهم,1
23,انا,1
23,بعد,1
23,راي,1
23,الطرقات,1
23,باحضار,1
23,مده,1
23,الموت,1
23,تجمع,1
23,سيما,1
23,الشده,1
23,باسنا,1
23,كادوا,1
23,كما,1
23,فاوحي,1
23,الاشباح,1
23,تقوم,1
23,يده,1
23,دينار,1
23,والتي,1
23,طبخه,1
23,فرق,2
23,الدوله,2
23,السنه,1
23,الغلات,1
23,والبغال,1
23,توفي,1
23,وسبعين,1
23,واكلها,1
23,وقيل,3
23,العيوب,1
23,بلغت,1
23,عبد,1
23,وصلت,1
23,وعم,1
23,الشام,1
23,الامور,1
23,اولاد,1
23,حتي,2
23,واجده,1
23,غلاما,1
23,صلبان,1
23,البحر,1
23,تكثر,1
23,ونصف,1
23,اسلم,1
23,الطاعه,1
23,اطراف,1
23,كر,1
23,بانت,1
23,ثلاثين,1
23,خرجت,1
23,للبيه,1
23,وقال,1
23,بزرع,1
23,اليمين,2
23,وابا,1
23,صيدا,1
23,وانما,1
23,بينه,1
23,وكتب,1
23,بابا,1
23,العلوي,1
23,غير,1
23,عما,1
23,العامل,1
23,واحد,1
23,سعد,1
23,الي,1
23,واكله,1
23,احمد,1
23,المال,1
23,عددا,1
23,بحماه,1
23,الدين,1
23,وهو,1
23,حدثنا,1
23,ويتطهر,1
23,ذلك,1
23,الجنه,2
23,الجباي,1
23,للقتل,1
23,يتضرعوا,1
23,لعلهم,1
23,القبيح,1
23,عنهما,1
23,واعمالها,1
23,باعت,1
23,بغداد,1
23,ويدفنون,1
23,امتلات,1
23,الجند,1
23,قمحا,1
23,درهم,1
23,حواليه,1
23,عشر,1
23,الوبا,1
23,قد,1
23,بثلاثه,1
23,عسكر,1
23,فجا,1
23,لتلقيه,1
23,انر,1
23,رابع,1
23,فافتتحها,1
23,والعسكر,1
23,وطرابلس,1
23,حلا,1
23,الحسبه,1
23,والغنم,1
23,شيا,1
23,مضيت,1
23,صوته,5
23,بسنابك,1
23,والهرب,1
23,الطقطقي,1
23,ولا,1
23,انهم,1
23,ج,1
23,الطوسي,1
23,واذا,1
23,يفعل,1
23,سفيان,1
23,الوزير,1
23,ع,1
23,بمطلق,1
23,بخوف,1
23,المطر,1
23,السلام,1
24,ويقول,1
24,قد,2
24,يسقوا,1
24,واليسار,1
24,كل,3
24,يحتاجون,1
24,ولا,2
24,يتصدق,1
24,بالسنين,1
24,والنعيم,1
24,ذلك,3
24,هراه,1
24,ثمنه,1
24,الروم,2
24,حبه,1
24,من,9
24,وخراسان,1
24,هب,1
24,عن,3
24,الحمال,1
24,المدن,1
24,الواعظ,1
24,ثلاث,2
24,الامير,1
24,وفي,3
24,الجواري,1
24,التي,1
24,جمعهم,1
24,فوعده,1
24,اليها,1
24,رجع,1
24,سنه,2
24,رايتني,1
24,العجلي,1
24,بعد,3
24,يده,1
24,بن,3
24,انحطاط,1
24,عيوب,1
24,حميد,1
24,كان,3
24,فردهم,1
24,وكان,1
24,فقل,1
24,الاخر,1
24,استولي,1
24,لنهب,1
24,ان,2
24,مدلج,1
24,في,6
24,وهو,2
24,عادوا,1
24,يبلغ,1
24,افنجعل,1
24,اي,1
24,الوصل,1
24,به,2
24,عذاب,1
24,يسقط,1
24,يوسف,1
24,ابا,1
24,لها,1
24,يسطع,1
24,غير,2
24,المكسوره,1
24,يبيع,1
24,يلبغا,1
24,وصول,1
24,بالحج,1
24,الامن,1
24,لا,2
24,الي,2
24,ظهور,1
24,بعض,2
24,فعز,1
24,وودي,1
24,وقتل,1
24,درهم,1
24,خمسون,1
24,وبلغ,1
24,الدين,1
24,عليه,1
24,الغول,1
24,واصبعان,1
24,ما,4
24,مكانه,1
24,الغزالي,1
24,عشره,1
24,الحاج,1
24,جده,1
24,جاهم,2
24,صنعا,2
24,فاذن,1
24,اسماعيل,1
24,بثلاثه,1
24,التاريخ,1
24,الف,1
24,بدمشق,1
24,عبد,2
24,قحط,1
24,والحجاز,1
24,سنقر,1
24,واقام,2
24,الجماعه,1
24,ه,1
24,يديه,3
24,دينه,1
24,الله,2
24,كريما,1
24,سقطت,1
24,صبيا,1
24,واخراجه,1
24,وجف,1
24,التركمان,1
24,معه,1
24,مصر,3
24,ويجمع,1
24,الماده,1
24,الريح,1
24,واسقامها,2
24,فيجد,1
24,فيها,2
24,الجبن,1
24,الخبر,1
24,مكه,1
24,والبغال,1
24,الانعام,1
24,كسني,1
24,الثمرات,1
24,لان,1
24,مفترسه,1
24,ستين,1
24,هو,1
24,انها,1
24,المشركون,1
24,بلوناهم,2
24,وعظم,1
24,رمضان,1
24,سيما,1
24,العبيد,1
24,الناس,1
24,انفذ,1
24,فولد,1
24,تضرعوا,1
24,يهلكون,1
24,بلونا,1
24,والارواح,1
24,الساعه,1
24,كران,1
24,فقال,1
24,واشترت,1
24,بعدها,1
24,وشيه,1
24,الاردب,1
24,ابنان,1
24,ايضا,2
24,خرج,1
24,ارتق,1
24,العادل,1
24,ورخصت,1
24,والكلاب,1
24,يصرمن,1
24,عمر,1
24,وخرج,1
24,قال,2
24,بمصر,1
24,انه,2
24,كشاف,1
24,منهم,1
24,بسط,1
24,احيحه,1
24,اليه,1
24,القحط,1
24,الشرطه,1
24,هرب,1
24,بها,1
24,السلطان,1
24,تسلمت,1
24,شي,1
24,كما,1
24,ابي,1
24,جهه,1
24,تركيا,1
24,علي,4
24,للتفرج,1
24,عندهم,1
24,المسلمون,1
24,واكثروا,1
24,اهل,1
24,دقيق,1
24,ارضها,1
24,ذراعا,1
24,الاجتماعيه,1
24,عندي,1
24,ثم,3
24,حامد,1
24,لمولاه,1
24,يحمد,1
24,وبين,1
24,المصري,1
24,غسل,1
24,الثغور,1
24,الذي,1
24,بلا,1
24,الصيرفي,1
24,واسط,1
24,مضي,1
24,وكانت,1
24,بالدراهم,1
24,وبحلب,1
24,حسن,1
24,ماه,1
24,امراه,2
24,محمد,1
24,ومعني,1
24,روي,1
24,المعروف,2
24,بالايه,1
24,واموالهم,1
24,نحونا,1
24,يذكرون,1
24,الضروان,1
24,وان,1
24,اليسار,1
24,وهرب,1
24,عروضا,1
24,اقبل,1
24,ابن,1
24,البغدادي,1
24,الاعيان,1
24,فلم,1
24,والفرسان,1
24,وحمله,1
24,لكانوا,1
24,اثني,1
24,بنات,1
24,الاخلاص,1
24,ولله,1
24,وصل,1
24,دنانير,1
24,فاقره,1
24,وارسلت,1
24,عشر,1
24,وغيرها,1
24,اسلاميا,1
24,احتاجوا,1
24,المسلمين,1
24,والحمير,1
24,فلما,1
24,مثل,2
24,يسمع,5
24,الخيل,1
24,الهرب,1
24,نسب,1
24,الاحتكار,1
24,الضاقه,1
24,يجعل,1
24,يختبرون,1
24,م,1
24,ذنوبهم,1
24,الثور,1
24,انشدك,1
24,انذر,1
24,اصحاب,1
24,وشاعر,1
24,يتضرعوا,1
24,كانت,1
24,اللفظ,1
24,او,1
24,والرجا,1
